439, 0, 0
439, 0, 0
436, 0, 0
437, 0, 0
437, 0, 0
439, 0, 0
436, 0, 0
436, 1, 0
435, 2, 0
435, 3, 0
433, 4, 0
440, 5, 0
439, 6, 0
435, 7, 0
435, 8, 0
436, 9, 0
433, 10, 0
432, 11, 0
431, 12, 0
431, 13, 0
428, 14, 0
428, 16, 0
428, 17, 0
428, 18, 0
440, 19, 0
427, 20, 0
426, 21, 0
426, 22, 0
425, 23, 0
432, 24, 0
422, 26, 0
424, 27, 0
433, 28, 0
424, 29, 0
423, 30, 0
423, 31, 0
422, 32, 0
424, 33, 0
421, 35, 0
421, 36, 0
430, 37, 0
420, 38, 0
420, 39, 0
420, 40, 0
420, 41, 0
419, 42, 0
418, 44, 0
418, 45, 0
425, 46, 0
417, 47, 0
417, 48, 0
417, 49, 0
418, 50, 0
416, 51, 0
416, 53, 0
416, 54, 0
421, 55, 0
415, 56, 0
415, 57, 0
415, 58, 0
412, 59, 0
414, 60, 0
413, 62, 0
414, 63, 0
419, 64, 0
412, 65, 0
412, 66, 0
412, 67, 0
411, 68, 0
411, 69, 0
411, 71, 0
409, 72, 0
414, 73, 0
410, 74, 0
410, 75, 0
407, 76, 0
409, 77, 0
409, 78, 0
409, 80, 0
408, 81, 0
409, 82, 0
407, 83, 0
409, 84, 0
407, 85, 0
407, 86, 0
408, 87, 0
406, 89, 0
406, 90, 0
406, 89, 0
405, 88, 0
405, 87, 0
405, 86, 0
405, 85, 0
415, 84, 0
405, 82, 0
405, 81, 0
406, 80, 0
403, 79, 0
404, 78, 0
404, 77, 0
404, 76, 0
415, 75, 0
404, 74, 0
403, 72, 0
404, 71, 0
403, 70, 0
403, 69, 0
402, 68, 0
402, 67, 0
404, 66, 0
402, 64, 0
402, 63, 0
401, 62, 0
401, 61, 0
401, 60, 0
401, 59, 0
398, 58, 0
402, 57, 0
400, 56, 0
401, 54, 0
396, 53, 0
399, 52, 0
399, 51, 0
401, 50, 0
398, 49, 0
400, 48, 0
398, 47, 0
398, 45, 0
396, 44, 0
397, 43, 0
397, 42, 0
394, 41, 0
396, 40, 0
398, 39, 0
397, 38, 0
396, 36, 0
393, 35, 0
395, 34, 0
398, 33, 0
395, 32, 0
395, 31, 0
397, 30, 0
395, 29, 0
394, 27, 0
394, 26, 0
394, 25, 0
390, 24, 0
393, 23, 0
393, 22, 0
396, 21, 0
392, 20, 0
393, 18, 0
393, 17, 0
394, 16, 0
393, 15, 0
392, 14, 0
392, 13, 0
399, 12, 0
392, 11, 0
392, 9, 0
392, 9, 0
392, 7, 0
392, 6, 0
392, 5, 0
391, 4, 0
391, 3, 0
391, 2, 0
390, 1, 0
390, 0, 1
391, 1, 1
390, 2, 1
390, 3, 1
390, 4, 1
390, 5, 1
390, 6, 1
390, 7, 1
388, 8, 1
389, 9, 1
390, 10, 1
386, 11, 1
389, 12, 1
389, 13, 1
388, 15, 1
386, 16, 1
388, 17, 1
387, 18, 1
389, 19, 1
387, 20, 1
387, 21, 1
387, 22, 1
389, 24, 1
387, 25, 1
386, 26, 1
387, 27, 1
387, 28, 1
386, 29, 1
386, 30, 1
386, 31, 1
384, 33, 1
386, 34, 1
385, 35, 1
386, 36, 1
384, 37, 1
385, 38, 1
385, 39, 1
386, 40, 1
385, 41, 1
385, 43, 1
385, 44, 1
387, 45, 1
385, 46, 1
384, 47, 1
384, 48, 1
384, 49, 1
384, 51, 1
384, 52, 1
384, 53, 1
381, 54, 1
383, 55, 1
383, 56, 1
383, 57, 1
378, 58, 1
383, 59, 1
383, 61, 1
383, 62, 1
380, 63, 1
382, 64, 1
382, 65, 1
383, 66, 1
380, 67, 1
381, 68, 1
381, 70, 1
381, 71, 1
381, 72, 1
381, 73, 1
381, 74, 1
379, 75, 1
378, 76, 1
380, 77, 1
380, 79, 1
377, 80, 1
380, 81, 1
378, 82, 1
380, 83, 1
376, 84, 1
379, 85, 1
379, 86, 1
380, 88, 1
379, 89, 1
379, 90, 1
379, 89, 1
379, 88, 1
379, 87, 1
379, 86, 1
379, 85, 1
379, 83, 1
378, 82, 1
378, 81, 1
377, 80, 1
376, 79, 1
378, 78, 1
378, 77, 1
378, 76, 1
374, 74, 1
377, 73, 1
377, 72, 1
383, 71, 1
378, 70, 1
378, 69, 1
378, 68, 1
377, 67, 1
377, 66, 1
377, 64, 1
377, 63, 1
375, 62, 1
377, 61, 1
377, 60, 1
377, 59, 1
374, 58, 1
376, 56, 1
376, 55, 1
377, 54, 1
375, 53, 1
376, 52, 1
376, 51, 1
377, 50, 1
376, 49, 1
376, 48, 1
376, 46, 1
377, 45, 1
374, 44, 1
376, 43, 1
376, 42, 1
377, 41, 1
376, 40, 1
376, 39, 1
376, 37, 1
377, 36, 1
374, 35, 1
375, 34, 1
375, 33, 1
375, 32, 1
375, 31, 1
375, 30, 1
375, 28, 1
371, 27, 1
372, 26, 1
374, 25, 1
375, 24, 1
372, 23, 1
374, 22, 1
374, 21, 1
375, 19, 1
372, 18, 1
372, 17, 1
374, 16, 1
375, 15, 1
374, 14, 1
374, 13, 1
374, 12, 1
373, 10, 1
373, 9, 1
371, 8, 1
373, 7, 1
373, 6, 1
373, 5, 1
373, 4, 1
373, 3, 1
373, 2, 1
373, 1, 1
373, 0, 2
373, 1, 2
373, 2, 2
369, 3, 2
372, 4, 2
372, 5, 2
364, 6, 2
372, 7, 2
374, 8, 2
368, 9, 2
370, 10, 2
372, 11, 2
374, 12, 2
370, 14, 2
371, 15, 2
372, 16, 2
367, 17, 2
371, 18, 2
371, 19, 2
371, 20, 2
371, 21, 2
371, 23, 2
371, 24, 2
371, 25, 2
368, 26, 2
371, 27, 2
370, 28, 2
372, 29, 2
370, 30, 2
370, 32, 2
370, 33, 2
371, 34, 2
370, 35, 2
370, 36, 2
370, 37, 2
370, 38, 2
370, 39, 2
370, 41, 2
370, 42, 2
367, 43, 2
367, 44, 2
369, 45, 2
369, 46, 2
366, 47, 2
369, 48, 2
369, 50, 2
369, 51, 2
368, 52, 2
368, 53, 2
369, 54, 2
370, 55, 2
369, 56, 2
369, 57, 2
375, 59, 2
371, 60, 2
369, 61, 2
369, 62, 2
369, 63, 2
367, 64, 2
369, 65, 2
369, 66, 2
367, 68, 2
366, 69, 2
368, 70, 2
368, 71, 2
368, 72, 2
364, 73, 2
368, 74, 2
368, 75, 2
366, 76, 2
368, 78, 2
368, 79, 2
368, 80, 2
368, 81, 2
368, 82, 2
367, 83, 2
367, 84, 2
367, 86, 2
367, 87, 2
367, 88, 2
367, 89, 2
367, 90, 2
367, 89, 2
367, 88, 2
367, 87, 2
361, 86, 2
367, 84, 2
367, 83, 2
367, 82, 2
367, 81, 2
364, 80, 2
367, 79, 2
367, 78, 2
364, 77, 2
367, 75, 2
367, 74, 2
367, 73, 2
367, 72, 2
367, 71, 2
367, 70, 2
369, 69, 2
364, 68, 2
367, 66, 2
367, 65, 2
367, 64, 2
367, 63, 2
367, 62, 2
367, 61, 2
366, 60, 2
362, 59, 2
366, 57, 2
366, 56, 2
362, 55, 2
366, 54, 2
366, 53, 2
366, 52, 2
362, 51, 2
362, 50, 2
365, 48, 2
366, 47, 2
365, 46, 2
365, 45, 2
366, 44, 2
366, 43, 2
365, 42, 2
360, 41, 2
365, 39, 2
366, 38, 2
365, 37, 2
365, 36, 2
365, 35, 2
365, 34, 2
365, 33, 2
361, 32, 2
365, 31, 2
363, 29, 2
364, 28, 2
364, 27, 2
365, 26, 2
364, 25, 2
364, 24, 2
361, 23, 2
364, 21, 2
361, 20, 2
364, 19, 2
364, 18, 2
365, 17, 2
364, 16, 2
364, 15, 2
361, 14, 2
365, 13, 2
364, 11, 2
364, 10, 2
364, 9, 2
359, 8, 2
364, 7, 2
364, 6, 2
365, 5, 2
364, 4, 2
364, 3, 2
366, 2, 2
361, 1, 2
364, 0, 3
365, 1, 3
364, 2, 3
364, 3, 3
365, 4, 3
364, 5, 3
359, 6, 3
364, 7, 3
361, 8, 3
364, 9, 3
364, 10, 3
357, 11, 3
363, 13, 3
361, 14, 3
364, 15, 3
363, 16, 3
359, 17, 3
363, 18, 3
365, 19, 3
360, 21, 3
363, 22, 3
363, 23, 3
365, 24, 3
363, 25, 3
363, 26, 3
363, 27, 3
363, 28, 3
363, 29, 3
363, 31, 3
363, 32, 3
360, 33, 3
363, 34, 3
372, 35, 3
364, 36, 3
360, 37, 3
363, 38, 3
363, 40, 3
364, 41, 3
360, 42, 3
363, 43, 3
360, 44, 3
363, 45, 3
363, 46, 3
363, 47, 3
363, 49, 3
365, 50, 3
363, 51, 3
363, 52, 3
359, 53, 3
365, 54, 3
363, 55, 3
363, 56, 3
363, 58, 3
361, 59, 3
363, 60, 3
363, 61, 3
360, 62, 3
363, 63, 3
363, 64, 3
363, 65, 3
363, 67, 3
360, 68, 3
363, 69, 3
363, 70, 3
360, 71, 3
360, 72, 3
363, 73, 3
363, 74, 3
363, 76, 3
362, 77, 3
363, 78, 3
363, 79, 3
360, 80, 3
363, 81, 3
363, 82, 3
363, 83, 3
363, 85, 3
363, 86, 3
363, 87, 3
363, 88, 3
357, 89, 3
362, 90, 3
362, 89, 3
363, 88, 3
360, 86, 3
363, 85, 3
362, 84, 3
363, 83, 3
353, 82, 3
362, 81, 3
362, 80, 3
362, 79, 3
362, 77, 3
359, 76, 3
362, 75, 3
362, 74, 3
362, 73, 3
362, 72, 3
362, 71, 3
364, 70, 3
362, 69, 3
362, 67, 3
362, 66, 3
363, 65, 3
362, 64, 3
362, 63, 3
362, 62, 3
363, 61, 3
362, 59, 3
362, 58, 3
362, 57, 3
359, 56, 3
358, 55, 3
361, 54, 3
361, 53, 3
357, 52, 3
361, 51, 3
361, 49, 3
361, 48, 3
357, 47, 3
358, 46, 3
361, 45, 3
361, 44, 3
360, 43, 3
360, 42, 3
361, 40, 3
360, 39, 3
360, 38, 3
357, 37, 3
360, 36, 3
362, 35, 3
360, 34, 3
360, 33, 3
361, 31, 3
362, 30, 3
360, 29, 3
360, 28, 3
360, 27, 3
361, 26, 3
360, 25, 3
360, 24, 3
361, 22, 3
360, 21, 3
360, 20, 3
360, 19, 3
360, 18, 3
356, 17, 3
360, 16, 3
360, 15, 3
367, 13, 3
356, 12, 3
360, 11, 3
360, 10, 3
361, 9, 3
360, 8, 3
360, 7, 3
360, 6, 3
360, 5, 3
360, 4, 3
357, 3, 3
357, 2, 3
360, 1, 3
360, 0, 4
356, 1, 4
360, 2, 4
360, 3, 4
349, 4, 4
360, 5, 4
360, 7, 4
359, 8, 4
356, 9, 4
360, 10, 4
360, 11, 4
356, 12, 4
359, 13, 4
359, 14, 4
358, 15, 4
359, 16, 4
359, 17, 4
359, 19, 4
359, 20, 4
359, 21, 4
359, 22, 4
359, 23, 4
355, 24, 4
359, 25, 4
359, 26, 4
359, 27, 4
356, 29, 4
359, 30, 4
359, 31, 4
359, 32, 4
352, 33, 4
358, 34, 4
359, 35, 4
359, 37, 4
356, 38, 4
355, 39, 4
359, 40, 4
359, 41, 4
359, 42, 4
359, 43, 4
359, 44, 4
359, 45, 4
359, 47, 4
355, 48, 4
359, 49, 4
361, 50, 4
359, 51, 4
359, 52, 4
359, 53, 4
359, 54, 4
359, 56, 4
355, 57, 4
359, 58, 4
359, 59, 4
359, 60, 4
359, 61, 4
359, 62, 4
359, 63, 4
359, 65, 4
355, 66, 4
359, 67, 4
356, 68, 4
359, 69, 4
359, 70, 4
359, 71, 4
356, 72, 4
359, 74, 4
355, 75, 4
359, 76, 4
358, 77, 4
359, 78, 4
359, 79, 4
360, 80, 4
359, 81, 4
359, 83, 4
355, 84, 4
359, 85, 4
359, 86, 4
359, 87, 4
359, 88, 4
358, 89, 4
359, 90, 4
359, 88, 4
352, 87, 4
356, 86, 4
359, 85, 4
359, 84, 4
359, 83, 4
367, 82, 4
360, 81, 4
360, 80, 4
356, 78, 4
360, 77, 4
360, 76, 4
360, 75, 4
361, 74, 4
360, 73, 4
360, 72, 4
360, 70, 4
358, 69, 4
360, 68, 4
360, 67, 4
360, 66, 4
362, 65, 4
360, 64, 4
360, 63, 4
360, 62, 4
357, 60, 4
360, 59, 4
360, 58, 4
360, 57, 4
359, 56, 4
360, 55, 4
360, 54, 4
360, 53, 4
353, 51, 4
359, 50, 4
359, 49, 4
359, 48, 4
356, 47, 4
359, 46, 4
359, 45, 4
359, 44, 4
355, 42, 4
359, 41, 4
359, 40, 4
359, 39, 4
356, 38, 4
359, 37, 4
358, 36, 4
359, 35, 4
356, 33, 4
358, 32, 4
358, 31, 4
359, 30, 4
358, 29, 4
359, 28, 4
358, 27, 4
359, 26, 4
359, 24, 4
358, 23, 4
358, 22, 4
359, 21, 4
358, 20, 4
359, 19, 4
358, 18, 4
358, 17, 4
355, 15, 4
358, 14, 4
358, 13, 4
357, 12, 4
358, 11, 4
359, 10, 4
358, 9, 4
358, 8, 4
358, 7, 4
358, 6, 4
352, 5, 4
358, 4, 4
358, 3, 4
355, 1, 4
358, 0, 4
358, 1, 5
358, 2, 5
352, 3, 5
358, 4, 5
359, 5, 5
358, 6, 5
358, 7, 5
359, 8, 5
358, 9, 5
353, 10, 5
358, 11, 5
352, 12, 5
358, 13, 5
358, 14, 5
358, 15, 5
354, 17, 5
357, 18, 5
353, 19, 5
358, 20, 5
357, 21, 5
357, 22, 5
357, 23, 5
357, 24, 5
357, 26, 5
357, 27, 5
353, 28, 5
358, 29, 5
357, 30, 5
357, 31, 5
357, 32, 5
359, 33, 5
357, 35, 5
357, 36, 5
354, 37, 5
358, 38, 5
357, 39, 5
357, 40, 5
357, 41, 5
355, 42, 5
357, 44, 5
357, 45, 5
357, 46, 5
353, 47, 5
357, 48, 5
357, 49, 5
357, 50, 5
351, 51, 5
357, 53, 5
357, 54, 5
357, 55, 5
357, 56, 5
357, 57, 5
357, 58, 5
357, 59, 5
348, 60, 5
357, 62, 5
357, 63, 5
359, 64, 5
357, 65, 5
357, 66, 5
357, 67, 5
358, 68, 5
353, 69, 5
357, 70, 5
357, 72, 5
357, 73, 5
357, 74, 5
358, 75, 5
357, 76, 5
357, 77, 5
353, 78, 5
357, 80, 5
357, 81, 5
353, 82, 5
357, 83, 5
357, 84, 5
357, 85, 5
353, 86, 5
352, 87, 5
356, 88, 5
357, 90, 5
353, 89, 5
356, 88, 5
356, 87, 5
357, 86, 5
356, 85, 5
350, 84, 5
356, 83, 5
356, 81, 5
356, 80, 5
356, 79, 5
352, 78, 5
358, 77, 5
356, 76, 5
352, 75, 5
356, 74, 5
358, 72, 5
356, 71, 5
356, 70, 5
356, 69, 5
357, 68, 5
356, 67, 5
352, 66, 5
356, 65, 5
353, 63, 5
356, 62, 5
356, 61, 5
356, 60, 5
353, 59, 5
356, 58, 5
356, 57, 5
356, 56, 5
353, 54, 5
356, 53, 5
356, 52, 5
356, 51, 5
356, 50, 5
356, 49, 5
357, 48, 5
356, 47, 5
354, 45, 5
356, 44, 5
356, 43, 5
357, 42, 5
356, 41, 5
356, 40, 5
354, 39, 5
357, 38, 5
356, 37, 5
356, 35, 5
356, 34, 5
358, 33, 5
356, 32, 5
356, 31, 5
357, 30, 5
356, 29, 5
356, 27, 5
356, 26, 5
356, 25, 5
357, 24, 5
356, 23, 5
356, 22, 5
352, 21, 5
355, 20, 5
356, 19, 5
356, 17, 5
356, 16, 5
353, 15, 5
356, 14, 5
356, 13, 5
352, 12, 5
352, 11, 5
356, 10, 5
356, 8, 5
356, 7, 5
352, 6, 5
356, 5, 5
356, 4, 5
356, 3, 5
356, 2, 5
356, 1, 5
354, 0, 5
352, 1, 6
356, 2, 6
356, 3, 6
356, 4, 6
356, 5, 6
353, 6, 6
356, 7, 6
350, 8, 6
355, 9, 6
352, 10, 6
356, 11, 6
356, 12, 6
346, 13, 6
355, 15, 6
356, 16, 6
355, 17, 6
354, 18, 6
355, 19, 6
355, 20, 6
356, 21, 6
352, 22, 6
355, 24, 6
355, 25, 6
356, 26, 6
355, 27, 6
356, 28, 6
355, 29, 6
357, 30, 6
352, 31, 6
356, 33, 6
356, 34, 6
356, 35, 6
356, 36, 6
356, 37, 6
356, 38, 6
355, 39, 6
352, 40, 6
356, 42, 6
356, 43, 6
353, 44, 6
356, 45, 6
356, 46, 6
356, 47, 6
352, 48, 6
354, 49, 6
355, 51, 6
356, 52, 6
352, 53, 6
355, 54, 6
357, 55, 6
355, 56, 6
352, 57, 6
355, 58, 6
355, 59, 6
356, 61, 6
353, 62, 6
355, 63, 6
351, 64, 6
356, 65, 6
355, 66, 6
355, 67, 6
355, 69, 6
356, 70, 6
355, 71, 6
355, 72, 6
351, 73, 6
355, 74, 6
355, 75, 6
355, 76, 6
355, 77, 6
355, 79, 6
355, 80, 6
355, 81, 6
351, 82, 6
355, 83, 6
355, 84, 6
355, 85, 6
355, 86, 6
355, 88, 6
355, 89, 6
355, 90, 6
350, 89, 6
352, 88, 6
355, 87, 6
355, 86, 6
355, 85, 6
352, 83, 6
355, 82, 6
355, 81, 6
351, 80, 6
352, 79, 6
355, 78, 6
355, 77, 6
355, 76, 6
354, 74, 6
355, 73, 6
355, 72, 6
347, 71, 6
355, 70, 6
355, 69, 6
355, 68, 6
356, 67, 6
355, 65, 6
355, 64, 6
355, 63, 6
353, 62, 6
355, 61, 6
355, 60, 6
355, 59, 6
357, 58, 6
355, 56, 6
355, 55, 6
355, 54, 6
345, 53, 6
355, 52, 6
355, 51, 6
355, 50, 6
352, 49, 6
355, 47, 6
355, 46, 6
355, 45, 6
347, 44, 6
354, 43, 6
355, 42, 6
355, 41, 6
355, 40, 6
355, 38, 6
355, 37, 6
355, 36, 6
348, 35, 6
355, 34, 6
355, 33, 6
355, 32, 6
352, 31, 6
355, 29, 6
355, 28, 6
355, 27, 6
346, 26, 6
354, 25, 6
355, 24, 6
355, 23, 6
354, 22, 6
355, 21, 6
355, 19, 6
355, 18, 6
351, 17, 6
355, 16, 6
355, 15, 6
357, 14, 6
355, 13, 6
355, 11, 6
355, 10, 6
356, 9, 6
355, 8, 6
355, 7, 6
363, 6, 6
355, 5, 6
355, 4, 6
356, 3, 6
355, 2, 6
355, 1, 6
356, 0, 6
356, 1, 7
355, 2, 7
356, 3, 7
352, 4, 7
355, 5, 7
355, 6, 7
350, 7, 7
350, 8, 7
355, 9, 7
349, 10, 7
355, 11, 7
355, 13, 7
352, 14, 7
352, 15, 7
355, 16, 7
352, 17, 7
355, 18, 7
352, 19, 7
355, 20, 7
355, 21, 7
356, 23, 7
355, 24, 7
355, 25, 7
355, 26, 7
355, 27, 7
352, 28, 7
355, 29, 7
355, 31, 7
351, 32, 7
354, 33, 7
355, 34, 7
355, 35, 7
356, 36, 7
355, 37, 7
355, 38, 7
355, 39, 7
352, 41, 7
355, 42, 7
355, 43, 7
355, 44, 7
355, 45, 7
355, 46, 7
355, 47, 7
355, 48, 7
347, 50, 7
355, 51, 7
355, 52, 7
355, 53, 7
352, 54, 7
355, 55, 7
355, 56, 7
355, 57, 7
348, 59, 7
354, 60, 7
355, 61, 7
355, 62, 7
352, 63, 7
355, 64, 7
355, 65, 7
355, 66, 7
348, 68, 7
355, 69, 7
355, 70, 7
355, 71, 7
352, 72, 7
355, 73, 7
355, 74, 7
355, 75, 7
350, 77, 7
354, 78, 7
355, 79, 7
355, 80, 7
355, 81, 7
355, 82, 7
355, 83, 7
357, 84, 7
351, 86, 7
355, 87, 7
355, 88, 7
357, 89, 7
355, 90, 7
355, 89, 7
355, 88, 7
357, 87, 7
349, 86, 7
355, 84, 7
355, 83, 7
355, 82, 7
355, 81, 7
351, 80, 7
355, 79, 7
352, 78, 7
352, 76, 7
355, 75, 7
355, 74, 7
352, 73, 7
355, 72, 7
355, 71, 7
355, 70, 7
352, 69, 7
352, 68, 7
355, 66, 7
355, 65, 7
355, 64, 7
355, 63, 7
355, 62, 7
355, 61, 7
352, 60, 7
355, 59, 7
354, 57, 7
355, 56, 7
352, 55, 7
354, 54, 7
355, 53, 7
355, 52, 7
354, 51, 7
352, 50, 7
354, 48, 7
355, 47, 7
354, 46, 7
354, 45, 7
355, 44, 7
356, 43, 7
354, 42, 7
354, 41, 7
354, 39, 7
355, 38, 7
354, 37, 7
354, 36, 7
355, 35, 7
355, 34, 7
354, 33, 7
354, 32, 7
354, 30, 7
354, 29, 7
354, 28, 7
354, 27, 7
358, 26, 7
352, 25, 7
355, 24, 7
355, 23, 7
355, 21, 7
352, 20, 7
355, 19, 7
355, 18, 7
351, 17, 7
352, 16, 7
355, 15, 7
355, 14, 7
355, 12, 7
355, 11, 7
355, 10, 7
355, 9, 7
350, 8, 7
355, 7, 7
355, 6, 7
355, 5, 7
355, 4, 7
355, 3, 7
355, 2, 7
350, 1, 7
355, 0, 7
355, 1, 8
355, 2, 8
355, 3, 8
355, 4, 8
353, 5, 8
348, 6, 8
355, 7, 8
351, 8, 8
355, 9, 8
352, 10, 8
356, 12, 8
353, 13, 8
354, 14, 8
355, 15, 8
356, 16, 8
354, 17, 8
355, 18, 8
355, 19, 8
357, 21, 8
355, 22, 8
355, 23, 8
355, 24, 8
356, 25, 8
351, 26, 8
355, 27, 8
355, 28, 8
355, 30, 8
355, 31, 8
355, 32, 8
355, 33, 8
355, 34, 8
350, 35, 8
355, 36, 8
355, 37, 8
352, 39, 8
355, 40, 8
355, 41, 8
355, 42, 8
352, 43, 8
350, 44, 8
355, 45, 8
355, 46, 8
350, 48, 8
354, 49, 8
355, 50, 8
355, 51, 8
354, 52, 8
350, 53, 8
354, 54, 8
354, 55, 8
354, 56, 8
354, 58, 8
350, 59, 8
355, 60, 8
354, 61, 8
350, 62, 8
354, 63, 8
355, 64, 8
354, 66, 8
354, 67, 8
354, 68, 8
355, 69, 8
354, 70, 8
352, 71, 8
354, 72, 8
354, 73, 8
354, 74, 8
354, 76, 8
355, 77, 8
355, 78, 8
354, 79, 8
354, 80, 8
354, 81, 8
355, 82, 8
354, 83, 8
354, 85, 8
351, 86, 8
354, 87, 8
354, 88, 8
354, 89, 8
354, 90, 8
352, 89, 8
354, 88, 8
354, 86, 8
348, 85, 8
352, 84, 8
354, 83, 8
354, 82, 8
354, 81, 8
352, 80, 8
354, 79, 8
354, 77, 8
350, 76, 8
354, 75, 8
354, 74, 8
354, 73, 8
354, 72, 8
352, 71, 8
354, 70, 8
354, 68, 8
350, 67, 8
352, 66, 8
354, 65, 8
354, 64, 8
355, 63, 8
352, 62, 8
354, 61, 8
354, 59, 8
351, 58, 8
354, 57, 8
354, 56, 8
354, 55, 8
354, 54, 8
354, 53, 8
354, 52, 8
354, 51, 8
356, 49, 8
354, 48, 8
354, 47, 8
354, 46, 8
356, 45, 8
354, 44, 8
354, 43, 8
354, 41, 8
351, 40, 8
354, 39, 8
354, 38, 8
354, 37, 8
353, 36, 8
354, 35, 8
354, 34, 8
354, 33, 8
347, 31, 8
354, 30, 8
354, 29, 8
354, 28, 8
352, 27, 8
354, 26, 8
354, 25, 8
354, 24, 8
354, 22, 8
354, 21, 8
354, 20, 8
354, 19, 8
349, 18, 8
354, 17, 8
354, 16, 8
354, 15, 8
345, 13, 8
353, 12, 8
353, 11, 8
354, 10, 8
349, 9, 8
353, 8, 8
353, 7, 8
351, 6, 8
353, 5, 8
353, 4, 8
353, 3, 8
353, 2, 8
353, 1, 8
354, 0, 8
353, 1, 9
353, 2, 9
354, 3, 9
348, 4, 9
353, 6, 9
353, 7, 9
354, 8, 9
349, 9, 9
353, 10, 9
349, 11, 9
349, 12, 9
353, 13, 9
353, 14, 9
349, 15, 9
353, 16, 9
353, 18, 9
353, 19, 9
353, 20, 9
349, 21, 9
353, 22, 9
353, 23, 9
352, 24, 9
353, 25, 9
353, 26, 9
354, 28, 9
353, 29, 9
349, 30, 9
353, 31, 9
355, 32, 9
353, 33, 9
353, 34, 9
353, 36, 9
354, 37, 9
353, 38, 9
351, 39, 9
353, 40, 9
353, 41, 9
353, 42, 9
353, 43, 9
353, 44, 9
351, 45, 9
353, 47, 9
348, 48, 9
353, 49, 9
351, 50, 9
353, 51, 9
353, 52, 9
353, 53, 9
351, 55, 9
353, 56, 9
348, 57, 9
353, 58, 9
353, 59, 9
353, 60, 9
353, 61, 9
353, 62, 9
350, 63, 9
353, 65, 9
348, 66, 9
353, 67, 9
349, 68, 9
352, 69, 9
353, 70, 9
353, 71, 9
352, 72, 9
352, 74, 9
348, 75, 9
352, 76, 9
348, 77, 9
352, 78, 9
352, 79, 9
353, 80, 9
348, 81, 9
352, 83, 9
349, 84, 9
352, 85, 9
352, 86, 9
352, 87, 9
352, 88, 9
354, 89, 9
352, 90, 9
352, 88, 9
352, 87, 9
352, 86, 9
352, 85, 9
352, 84, 9
352, 83, 9
349, 82, 9
352, 81, 9
352, 79, 9
352, 78, 9
353, 77, 9
352, 76, 9
352, 75, 9
352, 74, 9
345, 73, 9
352, 72, 9
352, 70, 9
352, 69, 9
352, 68, 9
352, 67, 9
352, 66, 9
352, 65, 9
344, 64, 9
352, 63, 9
352, 62, 9
352, 60, 9
349, 59, 9
352, 58, 9
352, 57, 9
352, 56, 9
344, 55, 9
352, 54, 9
352, 52, 9
352, 51, 9
348, 50, 9
352, 49, 9
352, 48, 9
352, 47, 9
344, 46, 9
352, 45, 9
352, 44, 9
352, 42, 9
348, 41, 9
352, 40, 9
352, 39, 9
352, 38, 9
347, 37, 9
352, 36, 9
352, 35, 9
352, 33, 9
352, 32, 9
352, 31, 9
352, 30, 9
353, 29, 9
346, 28, 9
352, 27, 9
352, 26, 9
353, 24, 9
352, 23, 9
352, 22, 9
352, 21, 9
353, 20, 9
348, 19, 9
352, 18, 9
352, 17, 9
352, 15, 9
352, 14, 9
352, 13, 9
352, 12, 9
354, 11, 9
348, 10, 9
352, 9, 9
352, 8, 9
348, 7, 9
352, 6, 9
352, 5, 9
349, 4, 9
352, 2, 9
352, 1, 9
351, 0, 9
352, 1, 9
352, 2, 10
338, 3, 10
352, 4, 10
352, 5, 10
352, 6, 10
353, 7, 10
346, 8, 10
352, 9, 10
353, 11, 10
349, 12, 10
348, 13, 10
352, 14, 10
349, 15, 10
352, 17, 10
353, 18, 10
351, 19, 10
352, 20, 10
352, 22, 10
352, 23, 10
352, 24, 10
351, 25, 10
352, 26, 10
352, 28, 10
352, 29, 10
352, 30, 10
354, 31, 10
352, 33, 10
352, 34, 10
352, 35, 10
353, 36, 10
352, 37, 10
349, 39, 10
352, 40, 10
352, 41, 10
352, 42, 10
353, 44, 10
352, 45, 10
352, 46, 10
352, 47, 10
352, 48, 10
348, 50, 10
351, 51, 10
352, 52, 10
347, 53, 10
352, 54, 10
352, 56, 10
349, 57, 10
352, 58, 10
352, 59, 10
344, 61, 10
352, 62, 10
354, 63, 10
350, 64, 10
352, 65, 10
352, 67, 10
348, 68, 10
352, 69, 10
348, 70, 10
352, 72, 10
352, 73, 10
352, 74, 10
353, 75, 10
352, 76, 10
352, 78, 10
352, 79, 10
352, 80, 10
352, 81, 10
353, 82, 10
352, 84, 10
352, 85, 10
352, 86, 10
352, 87, 10
354, 89, 10
352, 90, 10
353, 89, 10
352, 88, 10
353, 87, 10
348, 85, 10
352, 84, 10
353, 83, 10
347, 82, 10
353, 81, 10
353, 79, 10
344, 78, 10
353, 77, 10
353, 76, 10
349, 74, 10
353, 73, 10
353, 72, 10
353, 71, 10
353, 70, 10
353, 68, 10
353, 67, 10
351, 66, 10
353, 65, 10
353, 63, 10
353, 62, 10
353, 61, 10
355, 60, 10
352, 59, 10
353, 57, 10
353, 56, 10
353, 55, 10
354, 54, 10
349, 53, 10
353, 51, 10
353, 50, 10
353, 49, 10
353, 48, 10
349, 46, 10
353, 45, 10
348, 44, 10
353, 43, 10
353, 42, 10
348, 40, 10
353, 39, 10
353, 38, 10
348, 37, 10
353, 36, 10
354, 34, 10
349, 33, 10
353, 32, 10
353, 31, 10
353, 29, 10
354, 28, 10
349, 27, 10
353, 26, 10
353, 25, 10
353, 23, 10
353, 22, 10
350, 21, 10
353, 20, 10
353, 18, 10
353, 17, 10
353, 16, 10
351, 15, 10
353, 14, 10
353, 12, 10
353, 11, 10
353, 10, 10
353, 9, 10
353, 8, 10
353, 6, 10
353, 5, 10
355, 4, 10
353, 3, 10
353, 2, 10
352, 1, 10
354, 0, 10
353, 1, 10
353, 2, 11
353, 4, 11
346, 5, 11
353, 6, 11
353, 7, 11
353, 8, 11
353, 9, 11
349, 10, 11
353, 12, 11
353, 13, 11
354, 14, 11
350, 15, 11
353, 17, 11
353, 18, 11
353, 19, 11
353, 20, 11
351, 21, 11
353, 23, 11
353, 24, 11
353, 25, 11
350, 26, 11
351, 27, 11
353, 29, 11
348, 30, 11
353, 31, 11
353, 32, 11
348, 33, 11
352, 35, 11
353, 36, 11
349, 37, 11
353, 38, 11
354, 40, 11
349, 41, 11
353, 42, 11
353, 43, 11
353, 44, 11
353, 46, 11
351, 47, 11
353, 48, 11
353, 49, 11
353, 50, 11
353, 52, 11
354, 53, 11
353, 54, 11
353, 55, 11
353, 57, 11
353, 58, 11
355, 59, 11
352, 60, 11
353, 61, 11
353, 63, 11
353, 64, 11
353, 65, 11
352, 66, 11
353, 68, 11
353, 69, 11
353, 70, 11
352, 71, 11
353, 72, 11
353, 74, 11
349, 75, 11
353, 76, 11
353, 77, 11
348, 79, 11
353, 80, 11
353, 81, 11
348, 82, 11
353, 83, 11
354, 85, 11
348, 86, 11
353, 87, 11
353, 88, 11
354, 90, 11
355, 89, 11
352, 88, 11
354, 87, 11
353, 86, 11
354, 84, 11
354, 83, 11
350, 82, 11
354, 81, 11
354, 80, 11
354, 78, 11
354, 77, 11
354, 76, 11
354, 75, 11
354, 73, 11
354, 72, 11
354, 71, 11
355, 70, 11
354, 69, 11
354, 67, 11
354, 66, 11
354, 65, 11
351, 64, 11
352, 63, 11
354, 61, 11
349, 60, 11
354, 59, 11
355, 58, 11
349, 57, 11
354, 55, 11
354, 54, 11
351, 53, 11
354, 52, 11
352, 50, 11
354, 49, 11
354, 48, 11
354, 47, 11
354, 46, 11
354, 44, 11
354, 43, 11
354, 42, 11
354, 41, 11
354, 39, 11
355, 38, 11
354, 37, 11
354, 36, 11
354, 35, 11
354, 33, 11
354, 32, 11
352, 31, 11
354, 30, 11
354, 28, 11
354, 27, 11
354, 26, 11
352, 25, 11
354, 24, 11
354, 22, 11
354, 21, 11
354, 20, 11
351, 19, 11
354, 18, 11
354, 16, 11
350, 15, 11
354, 14, 11
354, 13, 11
348, 11, 11
354, 10, 11
354, 9, 11
350, 8, 11
354, 7, 11
354, 6, 11
354, 5, 11
354, 3, 11
355, 2, 11
354, 1, 11
354, 0, 11
350, 1, 11
352, 2, 11
354, 3, 12
354, 4, 12
354, 6, 12
344, 7, 12
354, 8, 12
354, 9, 12
344, 10, 12
353, 11, 12
354, 12, 12
345, 14, 12
354, 15, 12
354, 16, 12
363, 17, 12
355, 19, 12
355, 20, 12
355, 21, 12
355, 22, 12
357, 23, 12
352, 25, 12
355, 26, 12
355, 27, 12
355, 28, 12
355, 30, 12
352, 31, 12
355, 32, 12
355, 33, 12
355, 34, 12
355, 36, 12
355, 37, 12
355, 38, 12
355, 39, 12
355, 41, 12
355, 42, 12
357, 43, 12
355, 44, 12
355, 45, 12
355, 47, 12
355, 48, 12
356, 49, 12
352, 50, 12
350, 51, 12
355, 53, 12
355, 54, 12
351, 55, 12
350, 56, 12
354, 57, 12
350, 59, 12
354, 60, 12
355, 61, 12
347, 62, 12
354, 64, 12
354, 65, 12
355, 66, 12
354, 67, 12
354, 68, 12
354, 70, 12
354, 71, 12
354, 72, 12
354, 73, 12
355, 75, 12
354, 76, 12
354, 77, 12
354, 78, 12
354, 79, 12
355, 81, 12
350, 82, 12
354, 83, 12
354, 84, 12
354, 85, 12
354, 87, 12
352, 88, 12
354, 89, 12
354, 90, 12
354, 88, 12
354, 87, 12
353, 86, 12
354, 85, 12
349, 84, 12
354, 82, 12
354, 81, 12
349, 80, 12
354, 79, 12
354, 77, 12
350, 76, 12
354, 75, 12
355, 74, 12
346, 73, 12
354, 71, 12
354, 70, 12
354, 69, 12
354, 68, 12
352, 66, 12
354, 65, 12
354, 64, 12
354, 63, 12
354, 62, 12
355, 60, 12
354, 59, 12
354, 58, 12
354, 57, 12
354, 55, 12
355, 54, 12
352, 53, 12
354, 52, 12
354, 51, 12
354, 49, 12
354, 48, 12
352, 47, 12
354, 46, 12
354, 45, 12
354, 43, 12
350, 42, 12
354, 41, 12
354, 40, 12
349, 39, 12
354, 37, 12
354, 36, 12
351, 35, 12
354, 34, 12
354, 32, 12
350, 31, 12
354, 30, 12
355, 29, 12
352, 28, 12
354, 26, 12
354, 25, 12
354, 24, 12
354, 23, 12
352, 22, 12
354, 20, 12
354, 19, 12
354, 18, 12
354, 17, 12
355, 15, 12
354, 14, 12
354, 13, 12
354, 12, 12
354, 11, 12
354, 9, 12
354, 8, 12
354, 7, 12
354, 6, 12
356, 5, 12
354, 4, 12
350, 3, 12
354, 1, 12
356, 0, 12
354, 1, 12
354, 2, 12
354, 3, 12
355, 4, 13
354, 5, 13
348, 6, 13
354, 8, 13
349, 9, 13
354, 10, 13
354, 11, 13
351, 12, 13
354, 13, 13
355, 15, 13
354, 16, 13
354, 17, 13
354, 18, 13
354, 19, 13
355, 21, 13
352, 22, 13
354, 23, 13
354, 24, 13
354, 26, 13
355, 27, 13
346, 28, 13
354, 29, 13
354, 30, 13
349, 32, 13
354, 33, 13
352, 34, 13
349, 35, 13
353, 37, 13
354, 38, 13
350, 39, 13
354, 40, 13
354, 41, 13
355, 43, 13
354, 44, 13
354, 45, 13
355, 46, 13
354, 47, 13
354, 49, 13
350, 50, 13
354, 51, 13
355, 52, 13
352, 54, 13
354, 55, 13
354, 56, 13
354, 57, 13
354, 58, 13
352, 60, 13
354, 61, 13
354, 62, 13
354, 63, 13
354, 65, 13
355, 66, 13
354, 67, 13
354, 68, 13
354, 69, 13
354, 71, 13
354, 72, 13
352, 73, 13
354, 74, 13
354, 75, 13
350, 77, 13
354, 78, 13
354, 79, 13
349, 80, 13
354, 81, 13
354, 83, 13
350, 84, 13
353, 85, 13
354, 86, 13
349, 88, 13
354, 89, 13
354, 90, 13
356, 89, 13
352, 88, 13
354, 86, 13
354, 85, 13
354, 84, 13
355, 83, 13
352, 81, 13
354, 80, 13
354, 79, 13
355, 78, 13
354, 77, 13
352, 75, 13
354, 74, 13
354, 73, 13
354, 72, 13
354, 70, 13
354, 69, 13
354, 68, 13
354, 67, 13
354, 66, 13
354, 64, 13
355, 63, 13
348, 62, 13
354, 61, 13
354, 60, 13
354, 58, 13
355, 57, 13
349, 56, 13
353, 55, 13
353, 53, 13
354, 52, 13
344, 51, 13
352, 50, 13
354, 49, 13
354, 47, 13
354, 46, 13
354, 45, 13
354, 44, 13
354, 42, 13
354, 41, 13
354, 40, 13
354, 39, 13
354, 38, 13
352, 36, 13
354, 35, 13
354, 34, 13
354, 33, 13
354, 31, 13
354, 30, 13
354, 29, 13
354, 28, 13
354, 27, 13
354, 25, 13
353, 24, 13
354, 23, 13
354, 22, 13
354, 20, 13
354, 19, 13
355, 18, 13
346, 17, 13
354, 16, 13
354, 14, 13
349, 13, 13
355, 12, 13
352, 11, 13
350, 10, 13
354, 8, 13
354, 7, 13
350, 6, 13
354, 5, 13
354, 4, 13
354, 3, 13
355, 2, 13
354, 0, 13
354, 1, 13
354, 2, 13
356, 3, 13
354, 4, 13
354, 5, 14
354, 6, 14
355, 7, 14
344, 8, 14
354, 10, 14
355, 11, 14
351, 12, 14
350, 13, 14
354, 14, 14
354, 16, 14
354, 17, 14
354, 18, 14
352, 19, 14
354, 20, 14
354, 22, 14
354, 23, 14
354, 24, 14
356, 25, 14
354, 27, 14
354, 28, 14
354, 29, 14
354, 30, 14
355, 31, 14
354, 33, 14
354, 34, 14
354, 35, 14
354, 36, 14
355, 38, 14
352, 39, 14
354, 40, 14
354, 41, 14
354, 42, 14
354, 44, 14
353, 45, 14
350, 46, 14
354, 47, 14
354, 49, 14
349, 50, 14
355, 51, 14
354, 52, 14
349, 53, 14
354, 55, 14
354, 56, 14
345, 57, 14
352, 58, 14
354, 59, 14
355, 61, 14
354, 62, 14
355, 63, 14
354, 64, 14
354, 66, 14
354, 67, 14
354, 68, 14
354, 69, 14
354, 70, 14
354, 72, 14
354, 73, 14
354, 74, 14
354, 75, 14
356, 77, 14
352, 78, 14
354, 79, 14
354, 80, 14
354, 81, 14
355, 83, 14
350, 84, 14
354, 85, 14
354, 86, 14
354, 88, 14
354, 89, 14
352, 90, 14
352, 89, 14
354, 88, 14
354, 86, 14
348, 85, 14
354, 84, 14
354, 83, 14
348, 82, 14
354, 80, 14
354, 79, 14
351, 78, 14
354, 77, 14
354, 76, 14
354, 74, 14
354, 73, 14
355, 72, 14
352, 71, 14
354, 69, 14
354, 68, 14
354, 67, 14
354, 66, 14
354, 65, 14
354, 63, 14
354, 62, 14
354, 61, 14
354, 60, 14
356, 58, 14
352, 57, 14
354, 56, 14
354, 55, 14
354, 54, 14
355, 52, 14
350, 51, 14
354, 50, 14
354, 49, 14
352, 48, 14
354, 46, 14
354, 45, 14
350, 44, 14
354, 43, 14
354, 41, 14
350, 40, 14
355, 39, 14
354, 38, 14
350, 37, 14
354, 35, 14
354, 34, 14
355, 33, 14
349, 32, 14
354, 30, 14
354, 29, 14
354, 28, 14
354, 27, 14
352, 26, 14
354, 24, 14
354, 23, 14
354, 22, 14
354, 21, 14
355, 19, 14
354, 18, 14
354, 17, 14
354, 16, 14
354, 15, 14
354, 13, 14
350, 12, 14
354, 11, 14
354, 10, 14
354, 9, 14
355, 7, 14
354, 6, 14
354, 5, 14
354, 4, 14
354, 3, 14
354, 2, 14
350, 1, 14
354, 0, 14
355, 1, 14
352, 3, 14
354, 4, 14
354, 5, 14
355, 6, 15
354, 7, 15
349, 8, 15
354, 9, 15
351, 11, 15
354, 12, 15
354, 13, 15
354, 14, 15
354, 15, 15
355, 17, 15
350, 18, 15
354, 19, 15
354, 20, 15
354, 21, 15
350, 23, 15
352, 24, 15
354, 25, 15
349, 26, 15
354, 28, 15
354, 29, 15
350, 30, 15
354, 31, 15
354, 32, 15
350, 34, 15
354, 35, 15
354, 36, 15
346, 37, 15
354, 38, 15
354, 40, 15
350, 41, 15
354, 42, 15
354, 43, 15
354, 45, 15
354, 46, 15
354, 47, 15
354, 48, 15
354, 49, 15
354, 51, 15
354, 52, 15
354, 53, 15
354, 54, 15
356, 55, 15
352, 57, 15
354, 58, 15
354, 59, 15
354, 60, 15
355, 62, 15
350, 63, 15
354, 64, 15
354, 65, 15
354, 66, 15
352, 68, 15
353, 69, 15
354, 70, 15
350, 71, 15
354, 73, 15
354, 74, 15
349, 75, 15
354, 76, 15
354, 77, 15
351, 79, 15
354, 80, 15
355, 81, 15
346, 82, 15
354, 84, 15
354, 85, 15
355, 86, 15
355, 87, 15
353, 88, 15
354, 90, 15
354, 89, 15
354, 88, 15
354, 87, 15
355, 86, 15
354, 84, 15
354, 83, 15
354, 82, 15
354, 81, 15
356, 79, 15
352, 78, 15
354, 77, 15
354, 76, 15
354, 75, 15
354, 73, 15
350, 72, 15
354, 71, 15
354, 70, 15
354, 68, 15
352, 67, 15
354, 66, 15
354, 65, 15
350, 64, 15
354, 62, 15
354, 61, 15
351, 60, 15
354, 59, 15
354, 58, 15
354, 56, 15
354, 55, 15
355, 54, 15
352, 53, 15
354, 52, 15
354, 50, 15
354, 49, 15
354, 48, 15
353, 47, 15
354, 45, 15
354, 44, 15
354, 43, 15
354, 42, 15
355, 41, 15
352, 39, 15
354, 38, 15
354, 37, 15
354, 36, 15
354, 34, 15
349, 33, 15
354, 32, 15
354, 31, 15
354, 30, 15
354, 28, 15
353, 27, 15
352, 26, 15
354, 25, 15
354, 23, 15
350, 22, 15
355, 21, 15
352, 20, 15
350, 19, 15
354, 17, 15
354, 16, 15
351, 15, 15
354, 14, 15
354, 13, 15
355, 11, 15
354, 10, 15
354, 9, 15
346, 8, 15
353, 7, 15
353, 6, 15
354, 4, 15
353, 3, 15
353, 2, 15
353, 1, 15
353, 0, 15
344, 1, 15
353, 2, 15
353, 4, 15
353, 5, 15
348, 6, 15
353, 7, 16
353, 8, 16
353, 9, 16
337, 10, 16
353, 11, 16
353, 13, 16
343, 14, 16
354, 15, 16
349, 16, 16
353, 18, 16
353, 19, 16
353, 20, 16
353, 21, 16
350, 22, 16
353, 24, 16
353, 25, 16
353, 26, 16
353, 27, 16
353, 28, 16
353, 30, 16
353, 31, 16
353, 32, 16
353, 33, 16
354, 35, 16
353, 36, 16
353, 37, 16
353, 38, 16
353, 39, 16
353, 41, 16
350, 42, 16
353, 43, 16
353, 44, 16
353, 46, 16
353, 47, 16
350, 48, 16
353, 49, 16
353, 50, 16
348, 52, 16
353, 53, 16
354, 54, 16
344, 55, 16
353, 56, 16
353, 58, 16
348, 59, 16
353, 60, 16
350, 61, 16
353, 63, 16
353, 64, 16
353, 65, 16
353, 66, 16
353, 67, 16
353, 69, 16
354, 70, 16
353, 71, 16
353, 72, 16
354, 73, 16
353, 75, 16
353, 76, 16
353, 77, 16
353, 78, 16
353, 80, 16
351, 81, 16
353, 82, 16
353, 83, 16
353, 84, 16
353, 86, 16
354, 87, 16
353, 88, 16
353, 89, 16
353, 90, 16
353, 88, 16
348, 87, 16
352, 86, 16
353, 85, 16
347, 83, 16
353, 82, 16
353, 81, 16
342, 80, 16
353, 79, 16
353, 77, 16
348, 76, 16
353, 75, 16
353, 74, 16
353, 72, 16
353, 71, 16
353, 70, 16
353, 69, 16
354, 68, 16
353, 66, 16
353, 65, 16
353, 64, 16
353, 63, 16
354, 61, 16
350, 60, 16
353, 59, 16
353, 58, 16
353, 57, 16
353, 55, 16
351, 54, 16
352, 53, 16
353, 52, 16
353, 51, 16
353, 49, 16
354, 48, 16
352, 47, 16
350, 46, 16
353, 44, 16
353, 43, 16
349, 42, 16
350, 41, 16
353, 40, 16
349, 38, 16
353, 37, 16
353, 36, 16
349, 35, 16
353, 34, 16
353, 32, 16
354, 31, 16
353, 30, 16
354, 29, 16
352, 27, 16
353, 26, 16
353, 25, 16
353, 24, 16
354, 23, 16
351, 21, 16
353, 20, 16
353, 19, 16
353, 18, 16
353, 17, 16
355, 15, 16
353, 14, 16
353, 13, 16
353, 12, 16
353, 10, 16
354, 9, 16
353, 8, 16
353, 7, 16
353, 6, 16
354, 5, 16
353, 4, 16
349, 2, 16
353, 1, 16
354, 0, 16
353, 1, 16
353, 2, 16
353, 3, 16
354, 4, 16
353, 5, 16
346, 7, 16
353, 8, 17
350, 9, 17
353, 10, 17
353, 11, 17
350, 12, 17
353, 14, 17
355, 15, 17
353, 16, 17
353, 17, 17
353, 18, 17
353, 20, 17
354, 21, 17
352, 22, 17
353, 23, 17
351, 25, 17
353, 26, 17
353, 27, 17
348, 28, 17
353, 29, 17
353, 31, 17
348, 32, 17
353, 33, 17
355, 34, 17
349, 36, 17
353, 37, 17
353, 38, 17
349, 39, 17
354, 40, 17
349, 42, 17
353, 43, 17
353, 44, 17
353, 45, 17
353, 46, 17
350, 48, 17
353, 49, 17
353, 50, 17
353, 51, 17
353, 53, 17
351, 54, 17
353, 55, 17
353, 56, 17
353, 57, 17
353, 59, 17
354, 60, 17
352, 61, 17
353, 62, 17
353, 63, 17
353, 65, 17
353, 66, 17
353, 67, 17
353, 68, 17
352, 70, 17
353, 71, 17
353, 72, 17
350, 73, 17
353, 74, 17
353, 76, 17
348, 77, 17
353, 78, 17
354, 79, 17
344, 81, 17
353, 82, 17
353, 83, 17
349, 84, 17
353, 85, 17
349, 87, 17
353, 88, 17
353, 89, 17
353, 90, 17
353, 89, 17
351, 87, 17
353, 86, 17
353, 85, 17
353, 84, 17
353, 82, 17
348, 81, 17
353, 80, 17
353, 79, 17
353, 78, 17
353, 76, 17
354, 75, 17
353, 74, 17
353, 73, 17
353, 72, 17
353, 70, 17
353, 69, 17
351, 68, 17
353, 67, 17
349, 65, 17
353, 64, 17
353, 63, 17
351, 62, 17
352, 61, 17
353, 59, 17
349, 58, 17
353, 57, 17
354, 56, 17
344, 54, 17
353, 53, 17
353, 52, 17
353, 51, 17
353, 50, 17
351, 48, 17
353, 47, 17
353, 46, 17
353, 45, 17
353, 44, 17
353, 42, 17
352, 41, 17
353, 40, 17
353, 39, 17
353, 37, 17
353, 36, 17
353, 35, 17
353, 34, 17
353, 33, 17
353, 31, 17
353, 30, 17
355, 29, 17
353, 28, 17
353, 26, 17
353, 25, 17
349, 24, 17
354, 23, 17
349, 22, 17
349, 20, 17
353, 19, 17
353, 18, 17
349, 17, 17
350, 16, 17
353, 14, 17
349, 13, 17
353, 12, 17
353, 11, 17
351, 9, 17
353, 8, 17
353, 7, 17
352, 6, 17
354, 5, 17
353, 4, 17
353, 3, 17
353, 2, 17
355, 0, 17
353, 1, 17
353, 2, 17
353, 3, 17
351, 4, 17
353, 5, 17
353, 6, 17
353, 7, 17
347, 9, 18
353, 10, 18
353, 11, 18
343, 12, 18
353, 13, 18
351, 15, 18
349, 16, 18
353, 17, 18
353, 18, 18
353, 19, 18
354, 21, 18
352, 22, 18
353, 23, 18
353, 24, 18
353, 25, 18
353, 27, 18
353, 28, 18
353, 29, 18
353, 30, 18
353, 32, 18
353, 33, 18
355, 34, 18
353, 35, 18
353, 36, 18
353, 38, 18
353, 39, 18
354, 40, 18
349, 41, 18
353, 42, 18
353, 44, 18
353, 45, 18
353, 46, 18
350, 47, 18
353, 49, 18
348, 50, 18
353, 51, 18
353, 52, 18
349, 53, 18
353, 55, 18
353, 56, 18
349, 57, 18
353, 58, 18
354, 60, 18
346, 61, 18
353, 62, 18
353, 63, 18
354, 64, 18
353, 66, 18
353, 67, 18
353, 68, 18
353, 69, 18
353, 71, 18
354, 72, 18
354, 73, 18
353, 74, 18
353, 75, 18
353, 77, 18
353, 78, 18
354, 79, 18
349, 80, 18
353, 81, 18
353, 83, 18
353, 84, 18
353, 85, 18
349, 86, 18
353, 88, 18
353, 89, 18
353, 90, 18
353, 89, 18
351, 88, 18
353, 86, 18
348, 85, 18
353, 84, 18
353, 83, 18
347, 81, 18
352, 80, 18
353, 79, 18
348, 78, 18
353, 77, 18
353, 75, 18
349, 74, 18
353, 73, 18
353, 72, 18
353, 71, 18
353, 69, 18
355, 68, 18
353, 67, 18
353, 66, 18
353, 65, 18
353, 63, 18
354, 62, 18
349, 61, 18
353, 60, 18
353, 58, 18
353, 57, 18
353, 56, 18
351, 55, 18
353, 54, 18
353, 52, 18
353, 51, 18
353, 50, 18
355, 49, 18
352, 47, 18
353, 46, 18
353, 45, 18
350, 44, 18
353, 43, 18
349, 41, 18
349, 40, 18
353, 39, 18
353, 38, 18
349, 36, 18
353, 35, 18
353, 34, 18
353, 33, 18
353, 32, 18
353, 30, 18
355, 29, 18
352, 28, 18
353, 27, 18
357, 26, 18
354, 24, 18
354, 23, 18
352, 22, 18
354, 21, 18
354, 19, 18
354, 18, 18
354, 17, 18
354, 16, 18
354, 15, 18
354, 13, 18
354, 12, 18
354, 11, 18
355, 10, 18
352, 9, 18
354, 7, 18
354, 6, 18
354, 5, 18
355, 4, 18
354, 3, 18
354, 2, 18
354, 1, 18
352, 0, 18
354, 2, 18
354, 3, 18
354, 4, 18
367, 5, 18
355, 6, 18
355, 7, 18
355, 8, 18
352, 9, 19
351, 11, 19
355, 12, 19
355, 13, 19
356, 14, 19
352, 15, 19
355, 17, 19
355, 18, 19
355, 19, 19
355, 20, 19
352, 22, 19
355, 23, 19
355, 24, 19
355, 25, 19
352, 26, 19
355, 28, 19
355, 29, 19
351, 30, 19
355, 31, 19
355, 33, 19
351, 34, 19
355, 35, 19
355, 36, 19
351, 37, 19
355, 39, 19
355, 40, 19
355, 41, 19
355, 42, 19
355, 43, 19
355, 45, 19
355, 46, 19
357, 47, 19
354, 48, 19
355, 49, 19
355, 51, 19
355, 52, 19
356, 53, 19
352, 54, 19
355, 56, 19
355, 57, 19
355, 58, 19
355, 59, 19
352, 60, 19
355, 62, 19
355, 63, 19
355, 64, 19
355, 65, 19
355, 67, 19
355, 68, 19
355, 69, 19
355, 70, 19
355, 71, 19
355, 73, 19
355, 74, 19
350, 75, 19
354, 76, 19
354, 77, 19
350, 79, 19
354, 80, 19
354, 81, 19
350, 82, 19
354, 84, 19
355, 85, 19
353, 86, 19
352, 87, 19
355, 88, 19
355, 90, 19
355, 89, 19
355, 88, 19
352, 87, 19
355, 85, 19
355, 84, 19
355, 83, 19
355, 82, 19
355, 81, 19
355, 79, 19
355, 78, 19
355, 77, 19
355, 76, 19
355, 74, 19
352, 73, 19
354, 72, 19
355, 71, 19
355, 70, 19
355, 68, 19
355, 67, 19
355, 66, 19
355, 65, 19
352, 63, 19
355, 62, 19
357, 61, 19
352, 60, 19
355, 59, 19
355, 57, 19
351, 56, 19
356, 55, 19
352, 54, 19
351, 53, 19
355, 51, 19
355, 50, 19
355, 49, 19
353, 48, 19
355, 47, 19
355, 45, 19
355, 44, 19
355, 43, 19
357, 42, 19
352, 40, 19
355, 39, 19
355, 38, 19
355, 37, 19
355, 36, 19
352, 34, 19
355, 33, 19
355, 32, 19
355, 31, 19
355, 30, 19
355, 28, 19
355, 27, 19
355, 26, 19
355, 25, 19
355, 23, 19
352, 22, 19
352, 21, 19
355, 20, 19
350, 19, 19
354, 17, 19
355, 16, 19
350, 15, 19
354, 14, 19
354, 12, 19
351, 11, 19
355, 10, 19
356, 9, 19
350, 8, 19
354, 7, 19
354, 5, 19
354, 4, 19
354, 3, 19
354, 2, 19
354, 1, 19
356, 0, 19
350, 1, 19
354, 2, 19
354, 4, 19
355, 5, 19
354, 6, 19
349, 7, 19
354, 8, 19
355, 9, 19
350, 10, 20
354, 11, 20
354, 13, 20
345, 14, 20
356, 15, 20
354, 16, 20
351, 18, 20
354, 19, 20
355, 20, 20
356, 21, 20
352, 22, 20
354, 24, 20
355, 25, 20
354, 26, 20
354, 27, 20
352, 29, 20
354, 30, 20
354, 31, 20
354, 32, 20
354, 33, 20
354, 35, 20
354, 36, 20
354, 37, 20
354, 38, 20
354, 39, 20
355, 41, 20
354, 42, 20
354, 43, 20
354, 44, 20
354, 46, 20
354, 47, 20
353, 48, 20
354, 49, 20
354, 50, 20
350, 52, 20
354, 53, 20
355, 54, 20
345, 55, 20
354, 57, 20
354, 58, 20
350, 59, 20
355, 60, 20
349, 61, 20
349, 63, 20
353, 64, 20
353, 65, 20
354, 66, 20
351, 67, 20
353, 69, 20
349, 70, 20
353, 71, 20
353, 72, 20
353, 73, 20
352, 75, 20
353, 76, 20
353, 77, 20
353, 78, 20
353, 80, 20
350, 81, 20
353, 82, 20
353, 83, 20
353, 84, 20
353, 86, 20
355, 87, 20
353, 88, 20
353, 89, 20
353, 89, 20
353, 88, 20
354, 87, 20
353, 86, 20
353, 85, 20
348, 83, 20
353, 82, 20
353, 81, 20
345, 80, 20
352, 78, 20
353, 77, 20
349, 76, 20
352, 75, 20
354, 74, 20
346, 72, 20
353, 71, 20
353, 70, 20
354, 69, 20
353, 68, 20
349, 66, 20
353, 65, 20
353, 64, 20
353, 63, 20
353, 61, 20
351, 60, 20
353, 59, 20
353, 58, 20
353, 57, 20
353, 55, 20
354, 54, 20
352, 53, 20
353, 52, 20
353, 50, 20
353, 49, 20
353, 48, 20
353, 47, 20
353, 46, 20
353, 44, 20
353, 43, 20
349, 42, 20
354, 41, 20
353, 39, 20
349, 38, 20
353, 37, 20
353, 36, 20
354, 35, 20
349, 33, 20
353, 32, 20
348, 31, 20
353, 30, 20
353, 29, 20
351, 27, 20
353, 26, 20
353, 25, 20
353, 24, 20
353, 22, 20
355, 21, 20
352, 20, 20
353, 19, 20
353, 18, 20
353, 16, 20
353, 15, 20
350, 14, 20
353, 13, 20
353, 12, 20
353, 10, 20
353, 9, 20
353, 8, 20
353, 7, 20
353, 6, 20
353, 5, 20
350, 3, 20
348, 2, 20
352, 1, 20
352, 0, 20
351, 1, 20
352, 2, 20
353, 3, 20
352, 4, 20
351, 5, 20
346, 7, 20
352, 8, 20
347, 9, 20
352, 10, 20
352, 11, 21
348, 12, 21
352, 14, 21
352, 15, 21
353, 16, 21
352, 17, 21
352, 18, 21
352, 20, 21
352, 21, 21
353, 22, 21
348, 23, 21
352, 25, 21
352, 26, 21
352, 27, 21
348, 28, 21
349, 29, 21
352, 31, 21
347, 32, 21
352, 33, 21
352, 34, 21
349, 36, 21
352, 37, 21
352, 38, 21
348, 39, 21
352, 40, 21
352, 42, 21
352, 43, 21
352, 44, 21
352, 45, 21
352, 46, 21
352, 48, 21
351, 49, 21
352, 50, 21
352, 51, 21
352, 53, 21
348, 54, 21
353, 55, 21
352, 56, 21
352, 57, 21
352, 59, 21
352, 60, 21
352, 61, 21
352, 62, 21
352, 64, 21
352, 65, 21
352, 66, 21
352, 67, 21
354, 68, 21
352, 70, 21
352, 71, 21
352, 72, 21
352, 73, 21
353, 74, 21
348, 76, 21
347, 77, 21
352, 78, 21
352, 79, 21
347, 81, 21
351, 82, 21
352, 83, 21
347, 84, 21
352, 85, 21
352, 87, 21
349, 88, 21
352, 89, 21
352, 90, 21
353, 88, 21
352, 87, 21
352, 86, 21
348, 85, 21
352, 84, 21
352, 82, 21
347, 81, 21
352, 80, 21
352, 79, 21
352, 78, 21
352, 76, 21
352, 75, 21
352, 74, 21
353, 73, 21
352, 72, 21
352, 70, 21
352, 69, 21
352, 68, 21
352, 67, 21
349, 65, 21
352, 64, 21
352, 63, 21
348, 62, 21
352, 61, 21
353, 59, 21
346, 58, 21
352, 57, 21
352, 56, 21
348, 54, 21
353, 53, 21
348, 52, 21
348, 51, 21
352, 50, 21
352, 48, 21
353, 47, 21
351, 46, 21
352, 45, 21
352, 43, 21
352, 42, 21
352, 41, 21
352, 40, 21
352, 39, 21
352, 37, 21
352, 36, 21
352, 35, 21
352, 34, 21
349, 33, 21
352, 31, 21
352, 30, 21
352, 29, 21
352, 28, 21
353, 26, 21
352, 25, 21
352, 24, 21
352, 23, 21
352, 22, 21
353, 20, 21
352, 19, 21
352, 18, 21
348, 17, 21
352, 15, 21
352, 14, 21
349, 13, 21
352, 12, 21
352, 11, 21
348, 9, 21
352, 8, 21
349, 7, 21
352, 6, 21
352, 5, 21
352, 4, 21
351, 3, 21
352, 2, 21
347, 0, 21
352, 1, 21
351, 2, 21
352, 3, 21
352, 4, 21
352, 5, 21
351, 6, 21
352, 8, 21
346, 9, 21
352, 10, 21
355, 11, 21
344, 12, 22
352, 13, 22
352, 15, 22
342, 16, 22
353, 17, 22
348, 18, 22
348, 19, 22
352, 21, 22
352, 22, 22
352, 23, 22
349, 24, 22
352, 26, 22
352, 27, 22
352, 28, 22
352, 29, 22
352, 30, 22
352, 32, 22
352, 33, 22
352, 34, 22
352, 35, 22
352, 36, 22
352, 38, 22
352, 39, 22
352, 40, 22
352, 41, 22
352, 43, 22
353, 44, 22
352, 45, 22
352, 46, 22
352, 47, 22
352, 49, 22
353, 50, 22
348, 51, 22
352, 52, 22
348, 54, 22
352, 55, 22
352, 56, 22
347, 57, 22
352, 58, 22
352, 60, 22
347, 61, 22
352, 62, 22
354, 63, 22
348, 64, 22
352, 66, 22
352, 67, 22
349, 68, 22
352, 69, 22
347, 71, 22
352, 72, 22
352, 73, 22
352, 74, 22
352, 75, 22
352, 77, 22
352, 78, 22
352, 79, 22
352, 80, 22
352, 81, 22
353, 83, 22
348, 84, 22
352, 85, 22
352, 86, 22
352, 88, 22
352, 89, 22
351, 90, 22
352, 89, 22
352, 88, 22
352, 86, 22
352, 85, 22
354, 84, 22
352, 83, 22
348, 81, 22
352, 80, 22
352, 79, 22
348, 78, 22
348, 77, 22
352, 75, 22
348, 74, 22
352, 73, 22
352, 72, 22
341, 71, 22
352, 69, 22
352, 68, 22
353, 67, 22
352, 66, 22
354, 64, 22
344, 63, 22
352, 62, 22
352, 61, 22
352, 60, 22
352, 58, 22
348, 57, 22
352, 56, 22
352, 55, 22
352, 54, 22
352, 52, 22
352, 51, 22
352, 50, 22
352, 49, 22
352, 47, 22
352, 46, 22
352, 45, 22
352, 44, 22
352, 43, 22
352, 41, 22
348, 40, 22
352, 39, 22
353, 38, 22
348, 36, 22
352, 35, 22
352, 34, 22
352, 33, 22
353, 32, 22
348, 30, 22
350, 29, 22
352, 28, 22
352, 27, 22
353, 26, 22
351, 24, 22
352, 23, 22
352, 22, 22
352, 21, 22
352, 19, 22
353, 18, 22
352, 17, 22
352, 16, 22
352, 15, 22
352, 13, 22
352, 12, 22
348, 11, 22
352, 10, 22
352, 8, 22
352, 7, 22
352, 6, 22
352, 5, 22
347, 4, 22
352, 3, 22
352, 2, 22
352, 1, 22
352, 0, 22
352, 2, 22
353, 3, 22
352, 4, 22
345, 5, 22
352, 6, 22
353, 7, 22
352, 8, 22
352, 9, 22
348, 11, 22
353, 12, 22
351, 13, 23
352, 14, 23
352, 16, 23
352, 17, 23
353, 18, 23
353, 19, 23
352, 20, 23
352, 22, 23
352, 23, 23
352, 24, 23
353, 25, 23
352, 27, 23
352, 28, 23
352, 29, 23
348, 30, 23
352, 31, 23
354, 33, 23
348, 34, 23
352, 35, 23
352, 36, 23
347, 37, 23
353, 39, 23
348, 40, 23
347, 41, 23
352, 42, 23
352, 44, 23
348, 45, 23
351, 46, 23
352, 47, 23
352, 48, 23
352, 50, 23
352, 51, 23
353, 52, 23
352, 53, 23
352, 54, 23
352, 56, 23
352, 57, 23
352, 58, 23
348, 59, 23
352, 61, 23
352, 62, 23
352, 63, 23
352, 64, 23
352, 65, 23
352, 67, 23
352, 68, 23
352, 69, 23
352, 70, 23
353, 71, 23
352, 73, 23
352, 74, 23
352, 75, 23
352, 76, 23
352, 78, 23
347, 79, 23
352, 80, 23
352, 81, 23
347, 82, 23
352, 84, 23
354, 85, 23
344, 86, 23
352, 87, 23
352, 89, 23
348, 90, 23
352, 89, 23
348, 88, 23
352, 87, 23
352, 85, 23
352, 84, 23
352, 83, 23
351, 82, 23
352, 81, 23
353, 79, 23
352, 78, 23
352, 77, 23
352, 76, 23
348, 74, 23
352, 73, 23
352, 72, 23
352, 71, 23
352, 70, 23
351, 68, 23
352, 67, 23
352, 66, 23
352, 65, 23
352, 63, 23
353, 62, 23
352, 61, 23
348, 60, 23
352, 59, 23
352, 57, 23
348, 56, 23
352, 55, 23
352, 54, 23
352, 53, 23
352, 51, 23
352, 50, 23
349, 49, 23
352, 48, 23
352, 46, 23
352, 45, 23
352, 44, 23
352, 43, 23
349, 42, 23
352, 40, 23
352, 39, 23
352, 38, 23
352, 37, 23
354, 36, 23
352, 34, 23
352, 33, 23
352, 32, 23
352, 31, 23
353, 29, 23
347, 28, 23
352, 27, 23
352, 26, 23
352, 25, 23
352, 23, 23
351, 22, 23
352, 21, 23
352, 20, 23
348, 18, 23
352, 17, 23
352, 16, 23
344, 15, 23
352, 14, 23
352, 12, 23
347, 11, 23
352, 10, 23
352, 9, 23
352, 8, 23
352, 7, 23
352, 5, 23
351, 4, 23
352, 3, 23
352, 2, 23
352, 1, 23
351, 0, 23
347, 1, 23
352, 2, 23
352, 4, 23
354, 5, 23
352, 6, 23
348, 7, 23
352, 8, 23
354, 9, 23
348, 10, 23
352, 12, 23
353, 13, 23
349, 14, 24
354, 15, 24
352, 16, 24
343, 18, 24
353, 19, 24
353, 20, 24
349, 21, 24
353, 23, 24
353, 24, 24
353, 25, 24
353, 26, 24
353, 27, 24
356, 29, 24
353, 30, 24
353, 31, 24
353, 32, 24
353, 33, 24
354, 35, 24
348, 36, 24
352, 37, 24
352, 38, 24
353, 40, 24
352, 41, 24
351, 42, 24
352, 43, 24
352, 44, 24
352, 46, 24
352, 47, 24
353, 48, 24
352, 49, 24
352, 51, 24
352, 52, 24
352, 53, 24
353, 54, 24
344, 55, 24
352, 57, 24
352, 58, 24
348, 59, 24
352, 60, 24
352, 62, 24
347, 63, 24
352, 64, 24
352, 65, 24
347, 66, 24
353, 68, 24
352, 69, 24
353, 70, 24
352, 71, 24
352, 72, 24
352, 74, 24
351, 75, 24
352, 76, 24
352, 77, 24
352, 79, 24
352, 80, 24
354, 81, 24
352, 82, 24
352, 83, 24
352, 85, 24
352, 86, 24
352, 87, 24
349, 88, 24
352, 89, 24
352, 89, 24
352, 88, 24
352, 87, 24
353, 86, 24
352, 84, 24
352, 83, 24
352, 82, 24
352, 81, 24
348, 80, 24
348, 78, 24
352, 77, 24
348, 76, 24
352, 75, 24
352, 74, 24
343, 72, 24
352, 71, 24
352, 70, 24
347, 69, 24
352, 67, 24
352, 66, 24
348, 65, 24
351, 64, 24
351, 63, 24
351, 61, 24
351, 60, 24
351, 59, 24
351, 58, 24
351, 56, 24
351, 55, 24
351, 54, 24
351, 53, 24
351, 52, 24
351, 50, 24
351, 49, 24
351, 48, 24
351, 47, 24
351, 45, 24
351, 44, 24
351, 43, 24
351, 42, 24
351, 41, 24
353, 39, 24
344, 38, 24
351, 37, 24
351, 36, 24
352, 35, 24
351, 33, 24
348, 32, 24
346, 31, 24
351, 30, 24
351, 28, 24
347, 27, 24
351, 26, 24
350, 25, 24
352, 24, 24
351, 22, 24
351, 21, 24
351, 20, 24
346, 19, 24
351, 18, 24
351, 16, 24
351, 15, 24
351, 14, 24
351, 13, 24
351, 11, 24
351, 10, 24
351, 9, 24
351, 8, 24
350, 7, 24
353, 6, 24
351, 5, 24
351, 3, 24
351, 2, 24
351, 1, 24
351, 0, 24
351, 1, 24
351, 2, 24
343, 3, 24
351, 4, 24
351, 6, 24
353, 7, 24
351, 8, 24
346, 9, 24
351, 10, 24
352, 11, 24
344, 13, 24
351, 14, 24
351, 15, 25
351, 16, 25
351, 17, 25
349, 19, 25
351, 20, 25
351, 21, 25
351, 22, 25
351, 23, 25
351, 25, 25
351, 26, 25
351, 27, 25
351, 28, 25
351, 29, 25
351, 31, 25
344, 32, 25
351, 33, 25
351, 34, 25
346, 36, 25
351, 37, 25
351, 38, 25
346, 39, 25
351, 40, 25
351, 42, 25
347, 43, 25
352, 44, 25
348, 45, 25
351, 47, 25
351, 48, 25
351, 49, 25
352, 50, 25
348, 51, 25
351, 53, 25
347, 54, 25
351, 55, 25
351, 56, 25
351, 57, 25
351, 59, 25
351, 60, 25
351, 61, 25
351, 62, 25
351, 64, 25
351, 65, 25
351, 66, 25
351, 67, 25
351, 68, 25
351, 70, 25
351, 71, 25
351, 72, 25
351, 73, 25
351, 75, 25
351, 76, 25
351, 77, 25
348, 78, 25
351, 79, 25
346, 81, 25
351, 82, 25
351, 83, 25
347, 84, 25
351, 86, 25
351, 87, 25
346, 88, 25
351, 89, 25
351, 90, 25
346, 88, 25
350, 87, 25
351, 86, 25
351, 85, 25
351, 83, 25
349, 82, 25
345, 81, 25
351, 80, 25
351, 79, 25
351, 77, 25
351, 76, 25
348, 75, 25
351, 74, 25
350, 73, 25
351, 71, 25
351, 70, 25
347, 69, 25
350, 68, 25
351, 67, 25
351, 65, 25
351, 64, 25
351, 63, 25
350, 62, 25
351, 60, 25
351, 59, 25
347, 58, 25
351, 57, 25
351, 56, 25
347, 54, 25
351, 53, 25
351, 52, 25
351, 51, 25
353, 49, 25
351, 48, 25
346, 47, 25
351, 46, 25
351, 45, 25
351, 43, 25
348, 42, 25
351, 41, 25
351, 40, 25
351, 39, 25
351, 37, 25
351, 36, 25
351, 35, 25
351, 34, 25
351, 32, 25
351, 31, 25
351, 30, 25
346, 29, 25
351, 28, 25
351, 26, 25
351, 25, 25
351, 24, 25
351, 23, 25
351, 21, 25
351, 20, 25
351, 19, 25
351, 18, 25
347, 17, 25
346, 15, 25
351, 14, 25
346, 13, 25
351, 12, 25
351, 10, 25
346, 9, 25
351, 8, 25
350, 7, 25
350, 6, 25
351, 5, 25
350, 4, 25
350, 3, 25
350, 1, 25
348, 0, 25
350, 1, 25
350, 2, 25
350, 3, 25
351, 4, 25
351, 5, 25
350, 6, 25
351, 8, 25
346, 9, 25
351, 10, 25
348, 11, 25
347, 12, 25
351, 13, 25
351, 15, 25
344, 16, 26
351, 17, 26
351, 18, 26
341, 19, 26
351, 21, 26
351, 22, 26
341, 23, 26
351, 24, 26
351, 26, 26
351, 27, 26
351, 28, 26
351, 29, 26
351, 30, 26
351, 32, 26
351, 33, 26
351, 34, 26
346, 35, 26
351, 37, 26
351, 38, 26
351, 39, 26
351, 40, 26
350, 41, 26
351, 43, 26
351, 44, 26
351, 45, 26
351, 46, 26
351, 47, 26
348, 49, 26
351, 50, 26
351, 51, 26
351, 52, 26
351, 54, 26
348, 55, 26
351, 56, 26
349, 57, 26
351, 58, 26
351, 60, 26
346, 61, 26
350, 62, 26
351, 63, 26
347, 64, 26
351, 66, 26
351, 67, 26
347, 68, 26
351, 69, 26
351, 71, 26
351, 72, 26
351, 73, 26
353, 74, 26
351, 75, 26
351, 77, 26
351, 78, 26
351, 79, 26
351, 80, 26
348, 82, 26
351, 83, 26
351, 84, 26
351, 85, 26
351, 86, 26
351, 88, 26
351, 89, 26
351, 90, 26
351, 89, 26
351, 88, 26
351, 86, 26
346, 85, 26
351, 84, 26
351, 83, 26
351, 81, 26
351, 80, 26
349, 79, 26
346, 78, 26
350, 77, 26
350, 75, 26
346, 74, 26
351, 73, 26
348, 72, 26
350, 70, 26
350, 69, 26
350, 68, 26
351, 67, 26
347, 66, 26
350, 64, 26
351, 63, 26
350, 62, 26
350, 61, 26
350, 59, 26
350, 58, 26
350, 57, 26
350, 56, 26
350, 55, 26
351, 53, 26
350, 52, 26
350, 51, 26
350, 50, 26
350, 49, 26
350, 47, 26
351, 46, 26
350, 45, 26
350, 44, 26
350, 43, 26
350, 41, 26
351, 40, 26
347, 39, 26
350, 38, 26
347, 36, 26
350, 35, 26
351, 34, 26
347, 33, 26
348, 32, 26
351, 30, 26
351, 29, 26
351, 28, 26
351, 27, 26
342, 25, 26
350, 24, 26
351, 23, 26
351, 22, 26
351, 21, 26
351, 19, 26
354, 18, 26
351, 17, 26
351, 16, 26
351, 15, 26
351, 13, 26
346, 12, 26
351, 11, 26
351, 10, 26
351, 8, 26
351, 7, 26
350, 6, 26
351, 5, 26
346, 4, 26
350, 3, 26
346, 2, 26
350, 1, 26
350, 1, 26
350, 2, 26
345, 3, 26
350, 4, 26
342, 5, 26
350, 6, 26
346, 7, 26
349, 8, 26
350, 10, 26
347, 11, 26
351, 12, 26
350, 13, 26
350, 14, 26
350, 16, 26
350, 17, 27
350, 18, 27
346, 19, 27
350, 21, 27
350, 22, 27
350, 23, 27
350, 24, 27
350, 25, 27
346, 27, 27
350, 28, 27
350, 29, 27
345, 30, 27
351, 31, 27
350, 33, 27
345, 34, 27
350, 35, 27
350, 36, 27
345, 38, 27
350, 39, 27
350, 40, 27
347, 41, 27
350, 42, 27
350, 44, 27
347, 45, 27
346, 46, 27
350, 47, 27
350, 49, 27
350, 50, 27
350, 51, 27
347, 52, 27
350, 53, 27
350, 55, 27
350, 56, 27
350, 57, 27
351, 58, 27
346, 59, 27
350, 61, 27
350, 62, 27
350, 63, 27
350, 64, 27
347, 65, 27
350, 67, 27
350, 68, 27
350, 69, 27
350, 70, 27
351, 72, 27
348, 73, 27
350, 74, 27
345, 75, 27
350, 76, 27
350, 78, 27
340, 79, 27
350, 80, 27
350, 81, 27
344, 83, 27
350, 84, 27
350, 85, 27
345, 86, 27
350, 87, 27
350, 89, 27
351, 90, 27
351, 89, 27
350, 88, 27
350, 86, 27
350, 85, 27
350, 84, 27
351, 83, 27
350, 82, 27
350, 80, 27
345, 79, 27
350, 78, 27
350, 77, 27
351, 76, 27
346, 74, 27
350, 73, 27
350, 72, 27
350, 71, 27
350, 69, 27
347, 68, 27
350, 67, 27
350, 66, 27
350, 65, 27
346, 63, 27
351, 62, 27
346, 61, 27
345, 60, 27
349, 58, 27
350, 57, 27
347, 56, 27
346, 55, 27
349, 54, 27
349, 52, 27
349, 51, 27
349, 50, 27
350, 49, 27
348, 47, 27
349, 46, 27
349, 45, 27
349, 44, 27
350, 43, 27
346, 41, 27
349, 40, 27
349, 39, 27
349, 38, 27
349, 37, 27
350, 35, 27
348, 34, 27
349, 33, 27
349, 32, 27
349, 30, 27
350, 29, 27
349, 28, 27
349, 27, 27
349, 26, 27
349, 24, 27
349, 23, 27
347, 22, 27
349, 21, 27
349, 20, 27
350, 18, 27
349, 17, 27
350, 16, 27
340, 15, 27
349, 13, 27
349, 12, 27
344, 11, 27
349, 10, 27
351, 9, 27
344, 8, 27
349, 6, 27
349, 5, 27
350, 4, 27
349, 3, 27
349, 2, 27
349, 1, 27
349, 0, 27
344, 2, 27
349, 3, 27
349, 4, 27
350, 5, 27
349, 6, 27
343, 7, 27
349, 8, 27
350, 9, 27
340, 10, 27
349, 12, 27
350, 13, 27
347, 14, 27
350, 15, 27
345, 17, 27
344, 18, 28
349, 19, 28
349, 20, 28
343, 21, 28
349, 23, 28
349, 24, 28
349, 25, 28
349, 26, 28
349, 27, 28
349, 29, 28
344, 30, 28
349, 31, 28
349, 32, 28
349, 34, 28
349, 35, 28
347, 36, 28
349, 37, 28
349, 38, 28
349, 40, 28
349, 41, 28
350, 42, 28
346, 43, 28
349, 45, 28
349, 46, 28
349, 47, 28
350, 48, 28
349, 49, 28
349, 51, 28
344, 52, 28
349, 53, 28
349, 54, 28
345, 56, 28
349, 57, 28
349, 58, 28
344, 59, 28
349, 60, 28
350, 62, 28
340, 63, 28
349, 64, 28
349, 65, 28
351, 66, 28
349, 68, 28
351, 69, 28
346, 70, 28
349, 71, 28
349, 73, 28
351, 74, 28
350, 75, 28
346, 76, 28
349, 77, 28
349, 79, 28
349, 80, 28
349, 81, 28
350, 82, 28
349, 84, 28
349, 85, 28
349, 86, 28
349, 87, 28
349, 88, 28
345, 90, 28
349, 89, 28
349, 88, 28
349, 87, 28
349, 86, 28
349, 84, 28
345, 83, 28
349, 82, 28
349, 81, 28
344, 80, 28
350, 78, 28
345, 77, 28
344, 76, 28
349, 75, 28
349, 73, 28
340, 72, 28
350, 71, 28
349, 70, 28
350, 69, 28
349, 67, 28
349, 66, 28
350, 65, 28
349, 64, 28
349, 62, 28
349, 61, 28
349, 60, 28
349, 59, 28
350, 58, 28
349, 56, 28
349, 55, 28
349, 54, 28
349, 53, 28
350, 51, 28
344, 50, 28
349, 49, 28
349, 48, 28
349, 47, 28
349, 45, 28
350, 44, 28
348, 43, 28
346, 42, 28
349, 41, 28
349, 39, 28
345, 38, 28
344, 37, 28
349, 36, 28
344, 34, 28
349, 33, 28
349, 32, 28
346, 31, 28
349, 30, 28
349, 28, 28
350, 27, 28
349, 26, 28
349, 25, 28
345, 23, 28
349, 22, 28
349, 21, 28
349, 20, 28
349, 19, 28
349, 17, 28
349, 16, 28
349, 15, 28
349, 14, 28
349, 12, 28
350, 11, 28
345, 10, 28
349, 9, 28
349, 8, 28
349, 7, 28
347, 5, 28
349, 4, 28
349, 3, 28
344, 2, 28
350, 1, 28
349, 0, 28
349, 1, 28
349, 2, 28
349, 3, 28
349, 5, 28
349, 6, 28
344, 7, 28
351, 8, 28
344, 9, 28
349, 10, 28
350, 11, 28
350, 13, 28
349, 14, 28
349, 15, 28
349, 16, 28
349, 18, 28
349, 19, 29
350, 20, 29
349, 21, 29
349, 22, 29
349, 24, 29
349, 25, 29
349, 26, 29
350, 27, 29
345, 28, 29
349, 30, 29
349, 31, 29
344, 32, 29
350, 33, 29
344, 35, 29
343, 36, 29
349, 37, 29
349, 38, 29
344, 39, 29
347, 41, 29
349, 42, 29
345, 43, 29
349, 44, 29
349, 45, 29
351, 47, 29
346, 48, 29
349, 49, 29
349, 50, 29
349, 52, 29
349, 53, 29
346, 54, 29
349, 55, 29
349, 56, 29
349, 58, 29
349, 59, 29
349, 60, 29
349, 61, 29
349, 63, 29
349, 64, 29
349, 65, 29
350, 66, 29
344, 67, 29
349, 69, 29
349, 70, 29
349, 71, 29
349, 72, 29
351, 73, 29
349, 75, 29
349, 76, 29
344, 77, 29
349, 78, 29
350, 80, 29
344, 81, 29
349, 82, 29
349, 83, 29
344, 84, 29
349, 86, 29
351, 87, 29
344, 88, 29
349, 89, 29
349, 89, 29
349, 88, 29
350, 87, 29
346, 86, 29
349, 85, 29
349, 83, 29
349, 82, 29
350, 81, 29
351, 80, 29
348, 79, 29
350, 77, 29
349, 76, 29
349, 75, 29
350, 74, 29
344, 72, 29
349, 71, 29
349, 70, 29
349, 69, 29
349, 68, 29
350, 66, 29
348, 65, 29
349, 64, 29
349, 63, 29
346, 62, 29
349, 60, 29
344, 59, 29
346, 58, 29
349, 57, 29
349, 55, 29
344, 54, 29
349, 53, 29
349, 52, 29
349, 51, 29
349, 49, 29
349, 48, 29
349, 47, 29
344, 46, 29
349, 45, 29
349, 43, 29
349, 42, 29
349, 41, 29
351, 40, 29
349, 38, 29
349, 37, 29
349, 36, 29
349, 35, 29
350, 34, 29
349, 32, 29
349, 31, 29
349, 30, 29
349, 29, 29
349, 27, 29
351, 26, 29
349, 25, 29
349, 24, 29
349, 23, 29
349, 21, 29
346, 20, 29
346, 19, 29
349, 18, 29
349, 16, 29
349, 15, 29
349, 14, 29
346, 13, 29
346, 12, 29
349, 10, 29
344, 9, 29
349, 8, 29
349, 7, 29
349, 6, 29
349, 5, 29
349, 4, 29
351, 2, 29
349, 1, 29
344, 0, 29
349, 1, 29
350, 2, 29
349, 3, 29
349, 4, 29
349, 5, 29
349, 7, 29
349, 8, 29
343, 9, 29
349, 10, 29
350, 11, 29
343, 12, 29
349, 14, 29
349, 15, 29
345, 16, 29
349, 17, 29
351, 18, 29
344, 20, 30
349, 21, 30
349, 22, 30
350, 23, 30
349, 25, 30
346, 26, 30
349, 27, 30
349, 28, 30
349, 29, 30
350, 31, 30
350, 32, 30
349, 33, 30
349, 34, 30
349, 36, 30
349, 37, 30
350, 38, 30
344, 39, 30
349, 40, 30
349, 42, 30
349, 43, 30
349, 44, 30
349, 45, 30
349, 46, 30
349, 48, 30
349, 49, 30
349, 50, 30
350, 51, 30
349, 53, 30
344, 54, 30
349, 55, 30
349, 56, 30
344, 57, 30
350, 59, 30
349, 60, 30
344, 61, 30
349, 62, 30
349, 63, 30
345, 65, 30
345, 66, 30
349, 67, 30
358, 68, 30
350, 70, 30
350, 71, 30
351, 72, 30
348, 73, 30
350, 74, 30
350, 76, 30
350, 77, 30
351, 78, 30
346, 79, 30
350, 81, 30
350, 82, 30
350, 83, 30
350, 84, 30
351, 85, 30
348, 87, 30
350, 88, 30
350, 89, 30
350, 90, 30
350, 89, 30
346, 87, 30
350, 86, 30
350, 85, 30
350, 84, 30
350, 82, 30
348, 81, 30
350, 80, 30
350, 79, 30
346, 78, 30
350, 76, 30
351, 75, 30
340, 74, 30
350, 73, 30
350, 72, 30
350, 70, 30
350, 69, 30
350, 68, 30
351, 67, 30
350, 65, 30
350, 64, 30
350, 63, 30
351, 62, 30
350, 61, 30
350, 59, 30
350, 58, 30
350, 57, 30
350, 56, 30
351, 54, 30
350, 53, 30
350, 52, 30
350, 51, 30
350, 50, 30
351, 48, 30
345, 47, 30
350, 46, 30
350, 45, 30
350, 44, 30
350, 42, 30
350, 41, 30
344, 40, 30
350, 39, 30
350, 37, 30
345, 36, 30
351, 35, 30
345, 34, 30
345, 33, 30
350, 31, 30
350, 30, 30
346, 29, 30
351, 28, 30
348, 27, 30
350, 25, 30
350, 24, 30
350, 23, 30
350, 22, 30
346, 20, 30
350, 19, 30
350, 18, 30
350, 17, 30
350, 16, 30
351, 14, 30
348, 13, 30
350, 12, 30
350, 11, 30
350, 9, 30
351, 8, 30
350, 7, 30
350, 6, 30
350, 5, 30
347, 4, 30
348, 3, 30
350, 2, 30
350, 0, 30
351, 1, 30
346, 2, 30
350, 3, 30
350, 4, 30
343, 5, 30
350, 6, 30
350, 7, 30
350, 9, 30
350, 10, 30
342, 11, 30
350, 12, 30
350, 13, 30
350, 15, 30
350, 16, 30
350, 17, 30
350, 18, 30
350, 19, 30
350, 21, 31
350, 22, 31
351, 23, 31
350, 24, 31
350, 25, 31
350, 27, 31
350, 28, 31
350, 29, 31
348, 30, 31
350, 32, 31
350, 33, 31
346, 34, 31
350, 35, 31
351, 36, 31
341, 38, 31
350, 39, 31
350, 40, 31
345, 41, 31
350, 43, 31
351, 44, 31
345, 45, 31
350, 46, 31
350, 47, 31
350, 49, 31
351, 50, 31
347, 51, 31
350, 52, 31
350, 54, 31
350, 55, 31
350, 56, 31
351, 57, 31
348, 58, 31
350, 60, 31
350, 61, 31
350, 62, 31
351, 63, 31
347, 64, 31
350, 66, 31
350, 67, 31
350, 68, 31
350, 69, 31
351, 71, 31
348, 72, 31
350, 73, 31
350, 74, 31
350, 75, 31
350, 77, 31
346, 78, 31
345, 79, 31
350, 80, 31
350, 81, 31
345, 83, 31
350, 84, 31
350, 85, 31
345, 86, 31
350, 88, 31
350, 89, 31
345, 90, 31
350, 89, 31
350, 88, 31
351, 86, 31
350, 85, 31
350, 84, 31
351, 83, 31
350, 82, 31
350, 80, 31
345, 79, 31
350, 78, 31
351, 77, 31
346, 75, 31
350, 74, 31
350, 73, 31
350, 72, 31
350, 71, 31
350, 69, 31
350, 68, 31
350, 67, 31
350, 66, 31
350, 64, 31
351, 63, 31
345, 62, 31
350, 61, 31
350, 60, 31
350, 58, 31
350, 57, 31
346, 56, 31
350, 55, 31
350, 54, 31
350, 52, 31
350, 51, 31
351, 50, 31
340, 49, 31
350, 47, 31
350, 46, 31
351, 45, 31
350, 44, 31
351, 43, 31
348, 41, 31
350, 40, 31
350, 39, 31
350, 38, 31
350, 36, 31
346, 35, 31
350, 34, 31
350, 33, 31
350, 32, 31
350, 30, 31
350, 29, 31
348, 28, 31
350, 27, 31
350, 26, 31
350, 24, 31
351, 23, 31
350, 22, 31
350, 21, 31
350, 19, 31
346, 18, 31
350, 17, 31
351, 16, 31
342, 15, 31
350, 13, 31
350, 12, 31
349, 11, 31
351, 10, 31
351, 9, 31
351, 7, 31
350, 6, 31
350, 5, 31
350, 4, 31
350, 3, 31
350, 2, 31
350, 1, 31
351, 0, 31
346, 2, 31
350, 3, 31
350, 4, 31
351, 5, 31
350, 6, 31
344, 7, 31
350, 8, 31
350, 9, 31
345, 11, 31
350, 12, 31
350, 13, 31
346, 14, 31
351, 15, 31
350, 17, 31
346, 18, 31
350, 19, 31
350, 20, 31
346, 21, 32
350, 23, 32
350, 24, 32
344, 25, 32
350, 26, 32
350, 28, 32
351, 29, 32
346, 30, 32
350, 31, 32
350, 32, 32
350, 34, 32
350, 35, 32
350, 36, 32
350, 37, 32
350, 39, 32
351, 40, 32
350, 41, 32
351, 42, 32
346, 43, 32
350, 45, 32
350, 46, 32
350, 47, 32
350, 48, 32
350, 50, 32
350, 51, 32
350, 52, 32
350, 53, 32
350, 54, 32
346, 56, 32
345, 57, 32
350, 58, 32
345, 59, 32
350, 60, 32
350, 62, 32
343, 63, 32
350, 64, 32
350, 65, 32
345, 67, 32
350, 68, 32
350, 69, 32
351, 70, 32
350, 71, 32
350, 73, 32
351, 74, 32
350, 75, 32
350, 76, 32
350, 78, 32
350, 79, 32
350, 80, 32
350, 81, 32
351, 82, 32
350, 84, 32
350, 85, 32
350, 86, 32
350, 87, 32
350, 89, 32
351, 90, 32
350, 89, 32
350, 88, 32
350, 87, 32
350, 85, 32
351, 84, 32
346, 83, 32
350, 82, 32
350, 81, 32
347, 79, 32
350, 78, 32
349, 77, 32
346, 76, 32
350, 75, 32
350, 73, 32
350, 72, 32
351, 71, 32
346, 70, 32
350, 68, 32
350, 67, 32
350, 66, 32
351, 65, 32
351, 64, 32
350, 62, 32
350, 61, 32
350, 60, 32
350, 59, 32
350, 57, 32
346, 56, 32
350, 55, 32
350, 54, 32
350, 53, 32
350, 51, 32
351, 50, 32
350, 49, 32
350, 48, 32
350, 47, 32
350, 45, 32
351, 44, 32
346, 43, 32
350, 42, 32
350, 40, 32
350, 39, 32
346, 38, 32
350, 37, 32
350, 36, 32
351, 34, 32
350, 33, 32
350, 32, 32
346, 31, 32
350, 29, 32
350, 28, 32
345, 27, 32
350, 26, 32
350, 25, 32
351, 23, 32
350, 22, 32
350, 21, 32
350, 20, 32
350, 18, 32
351, 17, 32
349, 16, 32
350, 15, 32
350, 14, 32
350, 12, 32
350, 11, 32
351, 10, 32
350, 9, 32
350, 8, 32
350, 7, 32
347, 5, 32
347, 4, 32
350, 3, 32
350, 2, 32
350, 1, 32
346, 0, 32
350, 1, 32
350, 2, 32
342, 3, 32
346, 5, 32
350, 6, 32
350, 7, 32
350, 8, 32
345, 9, 32
350, 10, 32
350, 12, 32
348, 13, 32
350, 14, 32
351, 15, 32
350, 16, 32
350, 18, 32
350, 19, 32
350, 20, 32
351, 21, 32
345, 22, 33
350, 24, 33
350, 25, 33
350, 26, 33
350, 27, 33
350, 29, 33
350, 30, 33
350, 31, 33
347, 32, 33
350, 33, 33
351, 35, 33
340, 36, 33
350, 37, 33
350, 38, 33
345, 39, 33
350, 41, 33
349, 42, 33
347, 43, 33
350, 44, 33
350, 45, 33
345, 47, 33
350, 48, 33