356, 0, 0
361, 0, 0
355, 0, 0
355, 0, 0
356, 0, 0
371, 0, 0
355, 0, 0
356, 1, 0
356, 2, 0
378, 3, 0
355, 4, 0
438, 5, 0
431, 6, 0
389, 7, 0
358, 8, 0
355, 9, 0
373, 10, 0
352, 11, 0
315, 12, 0
365, 13, 0
314, 14, 0
404, 16, 0
81, 17, 0
76, 18, 0
96, 19, 0
113, 20, 0
136, 21, 0
108, 22, 0
89, 23, 0
127, 24, 0
88, 25, 0
319, 26, 0
321, 27, 0
313, 28, 0
441, 30, 0
334, 31, 0
338, 32, 0
330, 33, 0
330, 34, 0
330, 35, 0
334, 36, 0
334, 37, 0
470, 39, 0
334, 40, 0
373, 41, 0
349, 42, 0
348, 43, 0
349, 44, 0
367, 45, 0
348, 46, 0
501, 48, 0
357, 49, 0
369, 50, 0
356, 51, 0
356, 52, 0
359, 53, 0
356, 54, 0
359, 55, 0
501, 57, 0
363, 58, 0
368, 59, 0
367, 60, 0
367, 61, 0
379, 62, 0
363, 63, 0
363, 64, 0
483, 66, 0
375, 67, 0
352, 68, 0
345, 69, 0
347, 70, 0
424, 71, 0
356, 72, 0
356, 73, 0
466, 75, 0
424, 76, 0
424, 77, 0
423, 78, 0
424, 79, 0
471, 80, 0
464, 81, 0
465, 82, 0
618, 83, 0
508, 85, 0
508, 86, 0
524, 87, 0
543, 88, 0
640, 89, 0
530, 90, 0
531, 89, 0
547, 87, 0
555, 86, 0
555, 85, 0
557, 84, 0
555, 83, 0
732, 82, 0
554, 81, 0
555, 80, 0
593, 79, 0
554, 77, 0
555, 76, 0
578, 75, 0
554, 74, 0
686, 73, 0
528, 72, 0
543, 71, 0
526, 70, 0
512, 68, 0
515, 67, 0
512, 66, 0
486, 65, 0
612, 64, 0
491, 63, 0
447, 62, 0
450, 61, 0
446, 59, 0
387, 58, 0
386, 57, 0
386, 56, 0
455, 55, 0
379, 54, 0
355, 53, 0
356, 52, 0
350, 50, 0
367, 49, 0
348, 48, 0
352, 47, 0
455, 46, 0
367, 45, 0
356, 44, 0
356, 43, 0
357, 41, 0
356, 40, 0
359, 39, 0
359, 38, 0
479, 37, 0
352, 36, 0
355, 35, 0
364, 34, 0
371, 32, 0
363, 31, 0
364, 30, 0
364, 29, 0
523, 28, 0
349, 27, 0
348, 26, 0
349, 25, 0
349, 24, 0
344, 22, 0
344, 21, 0
346, 20, 0
489, 19, 0
337, 18, 0
337, 17, 0
333, 16, 0
326, 14, 0
330, 13, 0
323, 12, 0
327, 11, 0
452, 10, 0
281, 9, 0
281, 8, 0
274, 7, 0
280, 6, 0
112, 5, 0
98, 4, 0
164, 3, 0
73, 2, 0
103, 1, 0
72, 0, 1
74, 1, 1
64, 2, 1
63, 3, 1
79, 4, 1
76, 5, 1
77, 6, 1
76, 7, 1
76, 8, 1
92, 9, 1
92, 10, 1
93, 11, 1
143, 12, 1
72, 13, 1
72, 14, 1
75, 15, 1
77, 16, 1
92, 17, 1
78, 18, 1
52, 19, 1
52, 20, 1
53, 21, 1
44, 22, 1
158, 23, 1
198, 24, 1
179, 25, 1
319, 26, 1
318, 28, 1
319, 29, 1
330, 30, 1
329, 31, 1
329, 32, 1
406, 33, 1
352, 34, 1
337, 35, 1
337, 36, 1
343, 38, 1
411, 39, 1
341, 40, 1
349, 41, 1
414, 42, 1
356, 43, 1
352, 44, 1
352, 45, 1
355, 47, 1
354, 48, 1
356, 49, 1
356, 50, 1
420, 51, 1
358, 52, 1
360, 53, 1
360, 54, 1
367, 56, 1
414, 57, 1
360, 58, 1
360, 59, 1
413, 60, 1
360, 61, 1
356, 62, 1
356, 63, 1
380, 65, 1
411, 66, 1
352, 67, 1
353, 68, 1
389, 69, 1
348, 70, 1
348, 71, 1
372, 72, 1
384, 74, 1
444, 75, 1
424, 76, 1
426, 77, 1
437, 78, 1
472, 79, 1
471, 80, 1
474, 81, 1
505, 83, 1
595, 84, 1
505, 85, 1
505, 86, 1
526, 87, 1
526, 88, 1
526, 89, 1
546, 90, 1
536, 88, 1
684, 87, 1
562, 86, 1
588, 85, 1
561, 84, 1
558, 83, 1
559, 82, 1
583, 81, 1
558, 79, 1
663, 78, 1
559, 77, 1
551, 76, 1
550, 75, 1
550, 74, 1
530, 73, 1
545, 72, 1
529, 70, 1
620, 69, 1
515, 68, 1
512, 67, 1
512, 66, 1
482, 65, 1
486, 64, 1
481, 63, 1
439, 62, 1
519, 60, 1
443, 59, 1
398, 58, 1
398, 57, 1
398, 56, 1
356, 55, 1
356, 54, 1
356, 52, 1
411, 51, 1
362, 50, 1
352, 49, 1
360, 48, 1
360, 47, 1
381, 46, 1
360, 45, 1
359, 44, 1
429, 42, 1
359, 41, 1
364, 40, 1
363, 39, 1
364, 38, 1
382, 37, 1
363, 36, 1
363, 35, 1
420, 33, 1
378, 32, 1
363, 31, 1
360, 30, 1
361, 29, 1
372, 28, 1
356, 27, 1
356, 26, 1
451, 24, 1
349, 23, 1
348, 22, 1
348, 21, 1
341, 20, 1
338, 19, 1
341, 18, 1
341, 17, 1
409, 15, 1
336, 14, 1
337, 13, 1
326, 12, 1
335, 11, 1
326, 10, 1
273, 9, 1
273, 8, 1
278, 7, 1
80, 6, 1
111, 5, 1
70, 4, 1
81, 3, 1
84, 2, 1
80, 1, 1
80, 0, 1
80, 1, 2
68, 2, 2
69, 3, 2
68, 4, 2
76, 5, 2
83, 6, 2
76, 7, 2
76, 8, 2
88, 9, 2
88, 9, 2
90, 10, 2
88, 11, 2
76, 12, 2
135, 14, 2
76, 15, 2
81, 16, 2
81, 17, 2
87, 18, 2
98, 19, 2
60, 20, 2
75, 21, 2
59, 22, 2
194, 23, 2
197, 24, 2
192, 25, 2
330, 26, 2
330, 27, 2
337, 28, 2
412, 30, 2
345, 31, 2
345, 32, 2
356, 33, 2
356, 34, 2
356, 35, 2
356, 36, 2
383, 37, 2
427, 39, 2
359, 40, 2
368, 41, 2
389, 42, 2
367, 43, 2
375, 44, 2
375, 45, 2
395, 46, 2
448, 48, 2
378, 49, 2
379, 50, 2
379, 51, 2
378, 52, 2
378, 53, 2
379, 54, 2
374, 55, 2
430, 57, 2
379, 58, 2
384, 59, 2
375, 60, 2
378, 61, 2
375, 62, 2
379, 63, 2
372, 64, 2
406, 65, 2
371, 67, 2
376, 68, 2
367, 69, 2
367, 70, 2
371, 71, 2
387, 72, 2
374, 73, 2
372, 75, 2
431, 76, 2
455, 77, 2
430, 78, 2
472, 79, 2
489, 80, 2
495, 81, 2
505, 82, 2
505, 83, 2
506, 85, 2
505, 86, 2
526, 87, 2
526, 88, 2
624, 89, 2
550, 90, 2
536, 89, 2
536, 88, 2
547, 86, 2
544, 85, 2
543, 84, 2
548, 83, 2
649, 82, 2
547, 81, 2
551, 80, 2
551, 79, 2
556, 77, 2
544, 76, 2
543, 75, 2
544, 74, 2
664, 73, 2
533, 72, 2
533, 71, 2
533, 70, 2
542, 68, 2
515, 67, 2
515, 66, 2
491, 65, 2
515, 64, 2
489, 63, 2
446, 62, 2
447, 61, 2
471, 59, 2
398, 58, 2
398, 57, 2
398, 56, 2
436, 55, 2
367, 54, 2
367, 53, 2
367, 52, 2
382, 50, 2
367, 49, 2
375, 48, 2
376, 47, 2
465, 46, 2
375, 45, 2
379, 44, 2
379, 43, 2
379, 42, 2
383, 40, 2
383, 39, 2
385, 38, 2
456, 37, 2
383, 36, 2
383, 35, 2
383, 34, 2
376, 32, 2
378, 31, 2
379, 30, 2
383, 29, 2
449, 28, 2
371, 27, 2
371, 26, 2
377, 25, 2
364, 24, 2
363, 22, 2
363, 21, 2
360, 20, 2
426, 19, 2
359, 18, 2
359, 17, 2
375, 16, 2
352, 15, 2
352, 13, 2
346, 12, 2
366, 11, 2
410, 10, 2
334, 9, 2
335, 8, 2
330, 7, 2
116, 6, 2
117, 5, 2
106, 4, 2
125, 3, 2
68, 2, 2
64, 1, 2
68, 0, 2
73, 1, 3
72, 2, 3
72, 3, 3
87, 4, 3
44, 5, 3
44, 6, 3
43, 7, 3
43, 8, 3
84, 9, 3
76, 10, 3
76, 11, 3
126, 12, 3
68, 13, 3
68, 14, 3
69, 15, 3
56, 16, 3
56, 17, 3
56, 18, 3
63, 19, 3
60, 20, 3
60, 21, 3
60, 22, 3
268, 23, 3
312, 24, 3
271, 25, 3
336, 26, 3
337, 27, 3
337, 29, 3
426, 30, 3
352, 31, 3
352, 32, 3
400, 33, 3
364, 34, 3
356, 35, 3
364, 36, 3
364, 38, 3
440, 39, 3
371, 40, 3
371, 41, 3
392, 42, 3
371, 43, 3
371, 44, 3
370, 45, 3
371, 47, 3
479, 48, 3
378, 49, 3
378, 50, 3
380, 51, 3
397, 52, 3
378, 53, 3
384, 54, 3
384, 56, 3
477, 57, 3
384, 58, 3
383, 59, 3
385, 60, 3
379, 61, 3
378, 62, 3
378, 63, 3
375, 65, 3
443, 66, 3
374, 67, 3
375, 68, 3
371, 69, 3
364, 70, 3
367, 71, 3
371, 72, 3
375, 74, 3
443, 75, 3
416, 76, 3
416, 77, 3
421, 78, 3
465, 79, 3
464, 80, 3
465, 81, 3
505, 83, 3
597, 84, 3
504, 85, 3
526, 86, 3
539, 87, 3
526, 88, 3
541, 89, 3
541, 90, 3
566, 88, 3
689, 87, 3
540, 86, 3
541, 85, 3
540, 84, 3
547, 83, 3
547, 82, 3
548, 81, 3
566, 80, 3
645, 78, 3
543, 77, 3
546, 76, 3
562, 75, 3
543, 74, 3
533, 73, 3
535, 72, 3
550, 70, 3
602, 69, 3
519, 68, 3
521, 67, 3
486, 66, 3
486, 65, 3
486, 64, 3
440, 63, 3
437, 62, 3
439, 60, 3
439, 59, 3
394, 58, 3
388, 57, 3
390, 56, 3
371, 55, 3
375, 54, 3
368, 53, 3
435, 51, 3
371, 50, 3
375, 49, 3
374, 48, 3
374, 47, 3
375, 46, 3
384, 45, 3
383, 44, 3
383, 42, 3
383, 41, 3
397, 40, 3
383, 39, 3
387, 38, 3
388, 37, 3
405, 36, 3
387, 35, 3
437, 33, 3
379, 32, 3
402, 31, 3
374, 30, 3
374, 29, 3
376, 28, 3
390, 27, 3
371, 26, 3
371, 24, 3
372, 23, 3
387, 22, 3
370, 21, 3
360, 20, 3
361, 19, 3
377, 18, 3
356, 17, 3
409, 15, 3
357, 14, 3
349, 13, 3
348, 12, 3
348, 11, 3
349, 10, 3
332, 9, 3
337, 8, 3
337, 7, 3
195, 6, 3
229, 5, 3
185, 4, 3
68, 3, 3
68, 2, 3
68, 1, 3
56, 0, 3
64, 1, 4
67, 2, 4
63, 3, 4
64, 4, 4
71, 5, 4
60, 6, 4
60, 7, 4
64, 8, 4
64, 9, 4
71, 10, 4
64, 11, 4
93, 12, 4
71, 13, 4
68, 14, 4
47, 15, 4
49, 16, 4
44, 17, 4
47, 18, 4
83, 19, 4
48, 20, 4
60, 21, 4
280, 22, 4
301, 23, 4
334, 24, 4
280, 25, 4
342, 27, 4
362, 28, 4
340, 29, 4
352, 30, 4
353, 31, 4
373, 32, 4
432, 33, 4
363, 34, 4
364, 35, 4
382, 37, 4
367, 38, 4
369, 39, 4
371, 40, 4
381, 41, 4
431, 42, 4
379, 43, 4
381, 45, 4
380, 46, 4
384, 47, 4
384, 48, 4
386, 49, 4
383, 50, 4
437, 51, 4
383, 52, 4
386, 53, 4
382, 55, 4
383, 56, 4
449, 57, 4
390, 58, 4
382, 59, 4
415, 60, 4
379, 61, 4
387, 62, 4
378, 64, 4
375, 65, 4
378, 66, 4
383, 67, 4
371, 68, 4
369, 69, 4
371, 70, 4
371, 71, 4
370, 73, 4
370, 74, 4
439, 75, 4
443, 76, 4
419, 77, 4
419, 78, 4
469, 79, 4
492, 80, 4
467, 81, 4
505, 83, 4
598, 84, 4
529, 85, 4
526, 86, 4
526, 87, 4
527, 88, 4
537, 89, 4
536, 89, 4
536, 88, 4
691, 87, 4
563, 86, 4
543, 85, 4
548, 84, 4
549, 83, 4
565, 82, 4
547, 81, 4
543, 79, 4
649, 78, 4
543, 77, 4
543, 76, 4
544, 75, 4
546, 74, 4
537, 73, 4
536, 72, 4
536, 70, 4
608, 69, 4
511, 68, 4
512, 67, 4
486, 66, 4
491, 65, 4
485, 64, 4
443, 63, 4
443, 61, 4
528, 60, 4
394, 59, 4
394, 58, 4
395, 57, 4
367, 56, 4
367, 55, 4
367, 54, 4
367, 52, 4
473, 51, 4
371, 50, 4
370, 49, 4
379, 48, 4
402, 47, 4
378, 46, 4
383, 45, 4
384, 43, 4
473, 42, 4
383, 41, 4
383, 40, 4
384, 39, 4
384, 38, 4
383, 37, 4
383, 36, 4
384, 34, 4
481, 33, 4
383, 32, 4
384, 31, 4
384, 30, 4
401, 29, 4
383, 28, 4
374, 27, 4
375, 26, 4
395, 24, 4
371, 23, 4
371, 22, 4
372, 21, 4
379, 20, 4
367, 19, 4
367, 18, 4
366, 16, 4
454, 15, 4
363, 14, 4
353, 13, 4
354, 12, 4
362, 11, 4
341, 10, 4
341, 9, 4
345, 8, 4
341, 7, 4
236, 5, 4
289, 4, 4
232, 3, 4
60, 2, 4
62, 1, 4
59, 1, 4
59, 0, 4
79, 1, 5
63, 2, 5
64, 3, 5
56, 4, 5
55, 5, 5
58, 6, 5
55, 7, 5
76, 8, 5
80, 9, 5
76, 10, 5
77, 11, 5
144, 12, 5
76, 13, 5
76, 14, 5
80, 15, 5
80, 16, 5
101, 17, 5
60, 18, 5
59, 19, 5
59, 20, 5
61, 21, 5
226, 22, 5
232, 23, 5
233, 25, 5
338, 26, 5
336, 27, 5
401, 28, 5
352, 29, 5
357, 30, 5
352, 31, 5
360, 32, 5
360, 34, 5
364, 35, 5
359, 36, 5
436, 37, 5
367, 38, 5
372, 39, 5
371, 40, 5
371, 41, 5
371, 43, 5
388, 44, 5
374, 45, 5
435, 46, 5
384, 47, 5
408, 48, 5
383, 49, 5
384, 50, 5
384, 51, 5
425, 53, 5
384, 54, 5
438, 55, 5
383, 56, 5
383, 57, 5
383, 58, 5
383, 59, 5
425, 61, 5
398, 62, 5
378, 63, 5
418, 64, 5
375, 65, 5
393, 66, 5
374, 67, 5
371, 68, 5
373, 69, 5
391, 71, 5
371, 72, 5
381, 73, 5
372, 74, 5
420, 75, 5
419, 76, 5
419, 77, 5
478, 78, 5
484, 80, 5
468, 81, 5
502, 82, 5
503, 83, 5
518, 84, 5
501, 85, 5
522, 86, 5
622, 87, 5
522, 89, 5
536, 90, 5
537, 89, 5
538, 88, 5
544, 87, 5
543, 86, 5
544, 85, 5
679, 84, 5
547, 82, 5
546, 81, 5
544, 80, 5
549, 79, 5
544, 78, 5
544, 77, 5
544, 76, 5
550, 75, 5
537, 73, 5
536, 72, 5
537, 71, 5
537, 70, 5
519, 69, 5
519, 68, 5
519, 67, 5
612, 66, 5
493, 64, 5
493, 63, 5
451, 62, 5
464, 61, 5
450, 60, 5
394, 59, 5
395, 58, 5
487, 57, 5
368, 56, 5
367, 54, 5
368, 53, 5
371, 52, 5
371, 51, 5
370, 50, 5
379, 49, 5
399, 48, 5
378, 46, 5
384, 45, 5
384, 44, 5
405, 43, 5
383, 42, 5
383, 41, 5
384, 40, 5
405, 39, 5
386, 38, 5
387, 36, 5
387, 35, 5
400, 34, 5
383, 33, 5
383, 32, 5
385, 31, 5
399, 30, 5
383, 29, 5
375, 27, 5
376, 26, 5
393, 25, 5
371, 24, 5
371, 23, 5
372, 22, 5
436, 21, 5
367, 20, 5
367, 18, 5
367, 17, 5
370, 16, 5
359, 15, 5
359, 14, 5
354, 13, 5
424, 12, 5
352, 11, 5
341, 9, 5
345, 8, 5
340, 7, 5
235, 6, 5
200, 5, 5
192, 4, 5
72, 3, 5
74, 2, 5
72, 1, 5
72, 0, 5
64, 0, 5
64, 1, 6
63, 2, 6
52, 3, 6
76, 4, 6
79, 5, 6
76, 6, 6
76, 7, 6
103, 8, 6
92, 9, 6
130, 10, 6
97, 11, 6
122, 12, 6
96, 13, 6
98, 14, 6
84, 15, 6
63, 16, 6
65, 17, 6
64, 18, 6
64, 19, 6
64, 20, 6
64, 21, 6
230, 22, 6
193, 24, 6
196, 25, 6
337, 26, 6
337, 27, 6
337, 28, 6
356, 29, 6
349, 30, 6
398, 31, 6
360, 33, 6
369, 34, 6
360, 35, 6
368, 36, 6
438, 37, 6
376, 38, 6
371, 39, 6
403, 40, 6
371, 42, 6
375, 43, 6
374, 44, 6
374, 45, 6
378, 46, 6
402, 47, 6
378, 48, 6
377, 49, 6
384, 51, 6
414, 52, 6
383, 53, 6
383, 54, 6
407, 55, 6
407, 56, 6
384, 57, 6
383, 58, 6
384, 59, 6
384, 61, 6
383, 62, 6
383, 63, 6
445, 64, 6
399, 65, 6
378, 66, 6
371, 67, 6
372, 69, 6
399, 70, 6
371, 71, 6
367, 72, 6
428, 73, 6
389, 74, 6
416, 75, 6
416, 76, 6
417, 77, 6
483, 79, 6
464, 80, 6
464, 81, 6
586, 82, 6
512, 83, 6
493, 84, 6
523, 85, 6
524, 86, 6
540, 88, 6
537, 89, 6
537, 90, 6
637, 89, 6
547, 88, 6
547, 87, 6
547, 86, 6
547, 85, 6
543, 83, 6
543, 82, 6
544, 81, 6
657, 80, 6
543, 79, 6
543, 78, 6
544, 77, 6
549, 76, 6
543, 74, 6
540, 73, 6
540, 72, 6
545, 71, 6
516, 70, 6
515, 69, 6
516, 68, 6
490, 67, 6
489, 65, 6
489, 64, 6
454, 63, 6
539, 62, 6
453, 61, 6
454, 60, 6
409, 59, 6
419, 58, 6
408, 56, 6
370, 55, 6
371, 54, 6
436, 53, 6
371, 52, 6
371, 51, 6
371, 50, 6
399, 49, 6
374, 47, 6
374, 46, 6
384, 45, 6
465, 44, 6
383, 43, 6
388, 42, 6
387, 41, 6
411, 40, 6
388, 38, 6
386, 37, 6
387, 36, 6
449, 35, 6
386, 34, 6
386, 33, 6
387, 32, 6
402, 31, 6
378, 29, 6
378, 28, 6
375, 27, 6
465, 26, 6
374, 25, 6
375, 24, 6
375, 23, 6
399, 22, 6
368, 21, 6
367, 19, 6
368, 18, 6
412, 17, 6
360, 16, 6
359, 15, 6
349, 14, 6
371, 13, 6
349, 11, 6
341, 10, 6
342, 9, 6
355, 8, 6
341, 7, 6
255, 6, 6
215, 5, 6
197, 4, 6
64, 3, 6
71, 2, 6
63, 1, 6
64, 0, 6
60, 1, 6
60, 2, 7
63, 2, 7
59, 3, 7
60, 4, 7
65, 5, 7
90, 6, 7
72, 7, 7
106, 8, 7
72, 9, 7
107, 10, 7
100, 11, 7
100, 12, 7
122, 13, 7
81, 15, 7
80, 16, 7
80, 17, 7
64, 18, 7
63, 19, 7
63, 20, 7
86, 21, 7
168, 22, 7
173, 23, 7
173, 24, 7
341, 25, 7
340, 26, 7
341, 27, 7
353, 28, 7
398, 30, 7
352, 31, 7
360, 32, 7
359, 33, 7
364, 34, 7
361, 35, 7
367, 36, 7
367, 38, 7
385, 39, 7
374, 40, 7
374, 41, 7
374, 42, 7
386, 43, 7
386, 44, 7
378, 45, 7
379, 46, 7
385, 48, 7
376, 49, 7
384, 50, 7
383, 51, 7
388, 52, 7
455, 53, 7
383, 54, 7
383, 55, 7
384, 57, 7
383, 58, 7
451, 59, 7
384, 60, 7
388, 61, 7
451, 62, 7
378, 63, 7
374, 64, 7
383, 66, 7
374, 67, 7
371, 68, 7
371, 69, 7
378, 70, 7
435, 71, 7
367, 72, 7
367, 73, 7
409, 75, 7
408, 76, 7
409, 77, 7
461, 78, 7
486, 79, 7
547, 80, 7
498, 81, 7
498, 82, 7
522, 84, 7
498, 85, 7
522, 86, 7
523, 87, 7
522, 88, 7
613, 89, 7
536, 90, 7
537, 89, 7
571, 87, 7
546, 86, 7
547, 85, 7
545, 84, 7
566, 83, 7
658, 82, 7
544, 81, 7
545, 80, 7
566, 78, 7
544, 77, 7
544, 76, 7
545, 75, 7
540, 74, 7
697, 73, 7
540, 72, 7
541, 71, 7
512, 69, 7
512, 68, 7
512, 67, 7
501, 66, 7
497, 65, 7
577, 64, 7
468, 63, 7
471, 62, 7
480, 60, 7
413, 59, 7
413, 58, 7
415, 57, 7
368, 56, 7
479, 55, 7
371, 54, 7
371, 53, 7
368, 52, 7
370, 50, 7
379, 49, 7
382, 48, 7
374, 47, 7
440, 46, 7
378, 45, 7
381, 44, 7
378, 42, 7
383, 41, 7
383, 40, 7
385, 39, 7
380, 38, 7
435, 37, 7
383, 36, 7
387, 35, 7
380, 34, 7
383, 32, 7
379, 31, 7
381, 30, 7
375, 29, 7
379, 28, 7
378, 27, 7
381, 26, 7
375, 25, 7
374, 23, 7
375, 22, 7
367, 21, 7
364, 20, 7
406, 19, 7
367, 18, 7
364, 17, 7
356, 16, 7
359, 14, 7
353, 13, 7
356, 12, 7
348, 11, 7
372, 10, 7
341, 9, 7
350, 8, 7
189, 7, 7
189, 6, 7
193, 5, 7
68, 4, 7
84, 3, 7
89, 2, 7
91, 1, 7
80, 0, 7
100, 1, 7
80, 2, 8
81, 3, 8
77, 4, 8
76, 5, 8
83, 6, 8
76, 7, 8
80, 8, 8
160, 9, 8
80, 10, 8
89, 11, 8
116, 12, 8
88, 13, 8
88, 14, 8
58, 15, 8
51, 16, 8
51, 17, 8
64, 18, 8
88, 19, 8
63, 20, 8
197, 21, 8
204, 22, 8
197, 23, 8
242, 24, 8
343, 26, 8
353, 27, 8
341, 28, 8
352, 29, 8
354, 30, 8
367, 31, 8
360, 32, 8
428, 33, 8
361, 35, 8
379, 36, 8
367, 37, 8
367, 38, 8
371, 39, 8
384, 40, 8
370, 41, 8
451, 42, 8
380, 44, 8
390, 45, 8
379, 46, 8
378, 47, 8
380, 48, 8
379, 49, 8
390, 50, 8
459, 51, 8
392, 52, 8
380, 54, 8
383, 55, 8
383, 56, 8
388, 57, 8
386, 58, 8
383, 59, 8
440, 60, 8
381, 62, 8
374, 63, 8
375, 64, 8
374, 65, 8
377, 66, 8
371, 67, 8
371, 68, 8
413, 69, 8
367, 70, 8
364, 72, 8
367, 73, 8
367, 74, 8
415, 75, 8
406, 76, 8
408, 77, 8
491, 78, 8
466, 79, 8
460, 81, 8
498, 82, 8
498, 83, 8
510, 84, 8
519, 85, 8
518, 86, 8
519, 87, 8
537, 88, 8
536, 90, 8
536, 89, 8
548, 88, 8
688, 87, 8
547, 86, 8
544, 85, 8
543, 84, 8
553, 83, 8
544, 81, 8
547, 80, 8
547, 79, 8
643, 78, 8
543, 77, 8
543, 76, 8
544, 75, 8
602, 74, 8
540, 72, 8
540, 71, 8
524, 70, 8
648, 69, 8
522, 68, 8
502, 67, 8
502, 66, 8
515, 65, 8
465, 63, 8
464, 62, 8
465, 61, 8
482, 60, 8
416, 59, 8
416, 58, 8
367, 57, 8
391, 56, 8
367, 54, 8
367, 53, 8
371, 52, 8
459, 51, 8
370, 50, 8
374, 49, 8
375, 48, 8
384, 47, 8
378, 45, 8
378, 44, 8
378, 43, 8
483, 42, 8
383, 41, 8
383, 40, 8
384, 39, 8
397, 38, 8
383, 36, 8
384, 35, 8
384, 34, 8
458, 33, 8
379, 32, 8
378, 31, 8
379, 30, 8
378, 29, 8
378, 28, 8
378, 26, 8
379, 25, 8
472, 24, 8
374, 23, 8
374, 22, 8
368, 21, 8
392, 20, 8
367, 18, 8
360, 17, 8
360, 16, 8
447, 15, 8
352, 14, 8
352, 13, 8
352, 12, 8
345, 11, 8
345, 10, 8
344, 9, 8
296, 7, 8
289, 6, 8
295, 5, 8
363, 4, 8
92, 3, 8
88, 2, 8
89, 1, 8
72, 0, 8
72, 0, 8
79, 1, 8
72, 2, 9
64, 3, 9
65, 4, 9
64, 5, 9
65, 6, 9
77, 7, 9
76, 8, 9
95, 9, 9
76, 10, 9
77, 11, 9
127, 12, 9
76, 13, 9
73, 14, 9
74, 15, 9
72, 16, 9
64, 17, 9
53, 18, 9
40, 19, 9
51, 20, 9
166, 21, 9
187, 22, 9
165, 24, 9
338, 25, 9
338, 26, 9
361, 27, 9
406, 28, 9
348, 29, 9
349, 30, 9
360, 31, 9
359, 32, 9
359, 34, 9
360, 35, 9
387, 36, 9
419, 37, 9
363, 38, 9
371, 39, 9
386, 40, 9
370, 41, 9
375, 43, 9
375, 44, 9
392, 45, 9
416, 46, 9
378, 47, 9
379, 48, 9
384, 49, 9
383, 50, 9
385, 52, 9
384, 53, 9
406, 54, 9
392, 55, 9
384, 56, 9
384, 57, 9
407, 58, 9
383, 59, 9
389, 61, 9
379, 62, 9
402, 63, 9
378, 64, 9
378, 65, 9
379, 66, 9
391, 67, 9
371, 68, 9
440, 70, 9
365, 71, 9
383, 72, 9
363, 73, 9
398, 74, 9
399, 75, 9
421, 76, 9
454, 77, 9
539, 79, 9
454, 80, 9
490, 81, 9
490, 82, 9
489, 83, 9
490, 84, 9
537, 85, 9
515, 86, 9
611, 87, 9
538, 89, 9
558, 90, 9
536, 89, 9
544, 88, 9
545, 87, 9
566, 86, 9
547, 85, 9
676, 83, 9
548, 82, 9
551, 81, 9
550, 80, 9
550, 79, 9
641, 78, 9
568, 77, 9
550, 76, 9
544, 75, 9
545, 73, 9
563, 72, 9
544, 71, 9
522, 70, 9
524, 69, 9
522, 68, 9
498, 67, 9
498, 66, 9
499, 64, 9
480, 63, 9
464, 62, 9
465, 61, 9
430, 60, 9
443, 59, 9
427, 58, 9
449, 57, 9
380, 55, 9
394, 54, 9
368, 53, 9
367, 52, 9
368, 51, 9
375, 50, 9
374, 49, 9
443, 48, 9
379, 46, 9
391, 45, 9
378, 44, 9
378, 43, 9
385, 42, 9
398, 41, 9
383, 40, 9
383, 39, 9
384, 37, 9
401, 36, 9
383, 35, 9
383, 34, 9
384, 33, 9
399, 32, 9
383, 31, 9
449, 30, 9
379, 28, 9
392, 27, 9
378, 26, 9
375, 25, 9
376, 24, 9
390, 23, 9
368, 22, 9
367, 21, 9
368, 20, 9
367, 18, 9
359, 17, 9
359, 16, 9
361, 15, 9
365, 14, 9
352, 13, 9
415, 12, 9
347, 10, 9
357, 9, 9
344, 8, 9
319, 7, 9
348, 6, 9
318, 5, 9
80, 4, 9
95, 3, 9
80, 2, 9
80, 1, 9
64, 0, 9
63, 0, 9
66, 1, 9
64, 2, 10
52, 3, 10
54, 4, 10
51, 5, 10
127, 6, 10
61, 8, 10
98, 9, 10
59, 10, 10
80, 11, 10
111, 12, 10
82, 13, 10
84, 14, 10
90, 15, 10
85, 16, 10
42, 18, 10
55, 19, 10
56, 20, 10
103, 21, 10
111, 22, 10
100, 23, 10
334, 25, 10
333, 26, 10
334, 27, 10
361, 28, 10
346, 29, 10
348, 31, 10
356, 32, 10
356, 33, 10
359, 34, 10
359, 36, 10
363, 37, 10
363, 38, 10
371, 39, 10
372, 40, 10
375, 42, 10
374, 43, 10
374, 44, 10
384, 45, 10
384, 46, 10
394, 48, 10
384, 49, 10
383, 50, 10
409, 51, 10
384, 53, 10
391, 54, 10
442, 55, 10
384, 56, 10
383, 57, 10
453, 59, 10
382, 60, 10
393, 61, 10
446, 62, 10
374, 63, 10
375, 65, 10
446, 66, 10
393, 67, 10
371, 68, 10
371, 70, 10
363, 71, 10
364, 72, 10
364, 73, 10
388, 74, 10
390, 76, 10
451, 77, 10
450, 78, 10
452, 79, 10
490, 81, 10
490, 82, 10
489, 83, 10
520, 84, 10
521, 85, 10
544, 87, 10
537, 88, 10
536, 89, 10
536, 90, 10
549, 89, 10
557, 87, 10
547, 86, 10
551, 85, 10
550, 84, 10
551, 82, 10
556, 81, 10
663, 80, 10
550, 79, 10
551, 78, 10
638, 76, 10
551, 75, 10
568, 74, 10
543, 73, 10
544, 71, 10
522, 70, 10
523, 69, 10
498, 68, 10
497, 67, 10
498, 65, 10
468, 64, 10
468, 63, 10
471, 62, 10
435, 60, 10
434, 59, 10
434, 58, 10
375, 57, 10
377, 56, 10
397, 54, 10
367, 53, 10
367, 52, 10
367, 51, 10
376, 50, 10
383, 48, 10
371, 47, 10
378, 46, 10
378, 45, 10
378, 43, 10
381, 42, 10
392, 41, 10
378, 40, 10
441, 39, 10
383, 37, 10
383, 36, 10
479, 35, 10
383, 34, 10
384, 33, 10
383, 31, 10
384, 30, 10
379, 29, 10
393, 28, 10
378, 27, 10
375, 25, 10
375, 24, 10
377, 23, 10
380, 22, 10
367, 20, 10
367, 19, 10
363, 18, 10
365, 17, 10
388, 16, 10
356, 14, 10
356, 13, 10
356, 12, 10
345, 11, 10
350, 9, 10
341, 8, 10
307, 7, 10
308, 6, 10
311, 5, 10
76, 4, 10
76, 3, 10
77, 2, 10
100, 1, 10
72, 0, 10
72, 1, 10
88, 2, 11
88, 3, 11
112, 5, 11
89, 6, 11
106, 7, 11
63, 8, 11
64, 9, 11
92, 10, 11
92, 11, 11
116, 12, 11
84, 13, 11
95, 14, 11
84, 16, 11
60, 17, 11
60, 18, 11
90, 19, 11
104, 20, 11
104, 21, 11
104, 23, 11
334, 24, 11
355, 25, 11
368, 26, 11
349, 27, 11
348, 29, 11
412, 30, 11
356, 31, 11
352, 32, 11
424, 33, 11
364, 35, 11
363, 36, 11
434, 37, 11
384, 38, 11
371, 40, 11
429, 41, 11
375, 42, 11
376, 43, 11
399, 44, 11
378, 46, 11
378, 47, 11
378, 48, 11
384, 49, 11
391, 50, 11
383, 52, 11
383, 53, 11
383, 54, 11
383, 55, 11
382, 57, 11
393, 58, 11
379, 59, 11
378, 60, 11
378, 61, 11
375, 63, 11
399, 64, 11
374, 65, 11
371, 66, 11
371, 68, 11
371, 69, 11
364, 70, 11
356, 71, 11
363, 72, 11
390, 74, 11
444, 75, 11
392, 76, 11
460, 77, 11
516, 79, 11
442, 80, 11
486, 81, 11
574, 82, 11
498, 83, 11
515, 85, 11
608, 86, 11
515, 87, 11
537, 88, 11
546, 90, 11
537, 89, 11
547, 88, 11
547, 87, 11
548, 86, 11
550, 84, 11
570, 83, 11
548, 82, 11
546, 81, 11
547, 80, 11
547, 78, 11
572, 77, 11
547, 76, 11
544, 75, 11
543, 73, 11
544, 72, 11
536, 71, 11
526, 70, 11
526, 69, 11
505, 67, 11
505, 66, 11
507, 65, 11
544, 64, 11
486, 63, 11
486, 61, 11
520, 60, 11
447, 59, 11
447, 58, 11
378, 57, 11
378, 55, 11
367, 54, 11
434, 53, 11
372, 52, 11
371, 50, 11
371, 49, 11
370, 48, 11
379, 47, 11
381, 46, 11
399, 44, 11
379, 43, 11
378, 42, 11
378, 41, 11
385, 39, 11
397, 38, 11
380, 37, 11
383, 36, 11
383, 35, 11
383, 33, 11
388, 32, 11
394, 31, 11
383, 30, 11
378, 28, 11
378, 27, 11
378, 26, 11
395, 25, 11
374, 24, 11
375, 22, 11
367, 21, 11
368, 20, 11
421, 19, 11
360, 18, 11
363, 16, 11
424, 15, 11
356, 14, 11
358, 13, 11
414, 11, 11
348, 10, 11
348, 9, 11
395, 8, 11
343, 7, 11
336, 6, 11
125, 5, 11
124, 3, 11
127, 2, 11
60, 1, 11
60, 0, 11
60, 1, 11
64, 2, 11
134, 3, 12
80, 4, 12
95, 5, 12
80, 6, 12
80, 7, 12
112, 8, 12
93, 9, 12
123, 10, 12
92, 12, 12
92, 13, 12
122, 14, 12
96, 15, 12
96, 16, 12
74, 17, 12
44, 18, 12
47, 19, 12
89, 21, 12
91, 22, 12
80, 23, 12
330, 24, 12
330, 25, 12
331, 26, 12
362, 28, 12
346, 29, 12
348, 30, 12
356, 31, 12
356, 33, 12
359, 34, 12
368, 35, 12
363, 36, 12
363, 37, 12
367, 39, 12
368, 40, 12
371, 41, 12
371, 42, 12
370, 43, 12
378, 45, 12
379, 46, 12
387, 47, 12
379, 48, 12
378, 50, 12
378, 51, 12
384, 52, 12
408, 53, 12
398, 54, 12
379, 56, 12
444, 57, 12
379, 58, 12
381, 59, 12
473, 61, 12
376, 62, 12
374, 63, 12
429, 64, 12
375, 65, 12
378, 67, 12
443, 68, 12
370, 69, 12
363, 70, 12
365, 72, 12
363, 73, 12
405, 74, 12
387, 75, 12
443, 76, 12
443, 78, 12
444, 79, 12
487, 80, 12
485, 81, 12
486, 82, 12
516, 84, 12
516, 85, 12
520, 86, 12
533, 87, 12
533, 89, 12
533, 90, 12
548, 89, 12
549, 88, 12
572, 87, 12
551, 85, 12
550, 84, 12
551, 83, 12
549, 82, 12
563, 81, 12
547, 79, 12
625, 78, 12
547, 77, 12
547, 76, 12
558, 74, 12
551, 73, 12
551, 72, 12
533, 71, 12
533, 70, 12
508, 68, 12
554, 67, 12
508, 66, 12
475, 65, 12
475, 64, 12
476, 62, 12
439, 61, 12
437, 60, 12
438, 59, 12
395, 57, 12
394, 56, 12
398, 55, 12
360, 54, 12
363, 53, 12
363, 51, 12
371, 50, 12
372, 49, 12
394, 48, 12
375, 46, 12
374, 45, 12
374, 44, 12
379, 43, 12
386, 42, 12
376, 40, 12
383, 39, 12
383, 38, 12
440, 37, 12
386, 36, 12
401, 34, 12
446, 33, 12
378, 32, 12
379, 31, 12
379, 29, 12
403, 28, 12
376, 27, 12
388, 26, 12
371, 25, 12
371, 23, 12
373, 22, 12
379, 21, 12
367, 20, 12
363, 18, 12
363, 17, 12
364, 16, 12
374, 15, 12
352, 14, 12
352, 12, 12
345, 11, 12
345, 10, 12
345, 9, 12
326, 8, 12
326, 7, 12
326, 5, 12
127, 4, 12
88, 3, 12
88, 2, 12
68, 1, 12
56, 0, 12
64, 1, 12
80, 2, 12
87, 3, 13
80, 4, 13
80, 5, 13
95, 6, 13
76, 7, 13
72, 8, 13
77, 9, 13
109, 10, 13
76, 11, 13
93, 13, 13
147, 14, 13
88, 15, 13
64, 16, 13
64, 17, 13
67, 18, 13
64, 19, 13
63, 20, 13
64, 22, 13
94, 23, 13
316, 24, 13
318, 25, 13
378, 26, 13
345, 27, 13
349, 29, 13
410, 30, 13
352, 31, 13
352, 32, 13
355, 34, 13
361, 35, 13
382, 36, 13
391, 37, 13
367, 38, 13
367, 40, 13
371, 41, 13
380, 42, 13
368, 43, 13
379, 45, 13
378, 46, 13
378, 47, 13
379, 48, 13
395, 49, 13
378, 51, 13
379, 52, 13
378, 53, 13
379, 54, 13
403, 55, 13
376, 57, 13
378, 58, 13
378, 59, 13
379, 60, 13
381, 62, 13
384, 63, 13
405, 64, 13
375, 65, 13
371, 66, 13
440, 68, 13
364, 69, 13
363, 70, 13
432, 71, 13
379, 73, 13
379, 74, 13
461, 75, 13
440, 76, 13
439, 77, 13
465, 79, 13
486, 80, 13
490, 81, 13
505, 82, 13
512, 84, 13
511, 85, 13
512, 86, 13
536, 87, 13
558, 88, 13
533, 90, 13
547, 89, 13
547, 88, 13
548, 87, 13
564, 85, 13
551, 84, 13
550, 83, 13
547, 82, 13
547, 81, 13
548, 79, 13
560, 78, 13
547, 77, 13
547, 76, 13
547, 75, 13
549, 73, 13
530, 72, 13
529, 71, 13
529, 70, 13
512, 69, 13
513, 67, 13
521, 66, 13
483, 65, 13
564, 64, 13
482, 62, 13
447, 61, 13
531, 60, 13
467, 59, 13
409, 58, 13
412, 56, 13
409, 55, 13
365, 54, 13
390, 53, 13
360, 52, 13
367, 50, 13
367, 49, 13
367, 48, 13
380, 47, 13
388, 45, 13
375, 44, 13
378, 43, 13
378, 42, 13
379, 41, 13
402, 39, 13
378, 38, 13
379, 37, 13
378, 36, 13
379, 34, 13
379, 33, 13
375, 32, 13
378, 31, 13
417, 30, 13
379, 28, 13
380, 27, 13
457, 26, 13
374, 25, 13
374, 23, 13
435, 22, 13
368, 21, 13
377, 20, 13
426, 19, 13
363, 17, 13
363, 16, 13
355, 15, 13
357, 14, 13
352, 12, 13
345, 11, 13
344, 10, 13
315, 9, 13
319, 8, 13
310, 7, 13
84, 6, 13
84, 4, 13
103, 3, 13
84, 2, 13
76, 1, 13
79, 0, 13
76, 1, 13
101, 2, 13
101, 3, 13
121, 4, 14
77, 5, 14
76, 6, 14
79, 7, 14
112, 8, 14
80, 9, 14
114, 10, 14
91, 12, 14
89, 13, 14
115, 14, 14
88, 15, 14
48, 16, 14
68, 17, 14
47, 18, 14
60, 20, 14
63, 21, 14
52, 22, 14
319, 23, 14
318, 24, 14
319, 25, 14
345, 27, 14
341, 28, 14
344, 29, 14
356, 30, 14
356, 31, 14
358, 33, 14
375, 34, 14
359, 35, 14
359, 36, 14
367, 38, 14
368, 39, 14
381, 40, 14
370, 41, 14
371, 42, 14
371, 44, 14
375, 45, 14
424, 46, 14
374, 47, 14
378, 49, 14
452, 50, 14
379, 51, 14
381, 52, 14
481, 53, 14
379, 55, 14
378, 56, 14
448, 57, 14
375, 58, 14
388, 59, 14
380, 61, 14
375, 62, 14
374, 63, 14
375, 64, 14
371, 66, 14
382, 67, 14
371, 68, 14
364, 69, 14
364, 70, 14
365, 72, 14
406, 73, 14
383, 74, 14
383, 75, 14
438, 77, 14
439, 78, 14
447, 79, 14
478, 80, 14
479, 81, 14
479, 83, 14
513, 84, 14
516, 85, 14
512, 86, 14
530, 88, 14
529, 89, 14
540, 90, 14
559, 89, 14
566, 88, 14
547, 86, 14
671, 85, 14
547, 84, 14
551, 83, 14
687, 82, 14
551, 80, 14
551, 79, 14
651, 78, 14
551, 77, 14
556, 76, 14
569, 74, 14
550, 73, 14
533, 72, 14
534, 71, 14
534, 69, 14
534, 68, 14
508, 67, 14
508, 66, 14
489, 65, 14
490, 63, 14
490, 62, 14
463, 61, 14
465, 60, 14
413, 58, 14
413, 57, 14
415, 56, 14
364, 55, 14
363, 54, 14
363, 52, 14
368, 51, 14
368, 50, 14
375, 49, 14
375, 48, 14
374, 46, 14
374, 45, 14
446, 44, 14
381, 43, 14
398, 41, 14
451, 40, 14
378, 39, 14
378, 38, 14
444, 37, 14
404, 35, 14
376, 34, 14
387, 33, 14
378, 32, 14
378, 30, 14
380, 29, 14
388, 28, 14
371, 27, 14
371, 26, 14
371, 24, 14
368, 23, 14
390, 22, 14
367, 21, 14
360, 19, 14
359, 18, 14
360, 17, 14
357, 16, 14
352, 15, 14
356, 13, 14
345, 12, 14
345, 11, 14
347, 10, 14
340, 9, 14
326, 7, 14
326, 6, 14
93, 5, 14
116, 4, 14
92, 3, 14
72, 2, 14
93, 1, 14
72, 0, 14
84, 1, 14
97, 2, 14
92, 3, 14
92, 4, 15
40, 5, 15
36, 6, 15
39, 7, 15
54, 8, 15
56, 9, 15
103, 10, 15
67, 12, 15
74, 13, 15
100, 14, 15
72, 15, 15
60, 16, 15
52, 17, 15
79, 18, 15
60, 19, 15
60, 21, 15
60, 22, 15
299, 23, 15
284, 24, 15
284, 25, 15
342, 27, 15
342, 28, 15
346, 29, 15
348, 30, 15
352, 31, 15
352, 33, 15
360, 34, 15
362, 35, 15
382, 36, 15
364, 37, 15
363, 39, 15
364, 40, 15
372, 41, 15
382, 42, 15
371, 44, 15
374, 45, 15
374, 46, 15
375, 47, 15
380, 48, 15
388, 50, 15
379, 51, 15
378, 52, 15
377, 53, 15
379, 54, 15
402, 56, 15
436, 57, 15
375, 58, 15
375, 59, 15
444, 61, 15
383, 62, 15
371, 63, 15
445, 64, 15
367, 65, 15
367, 67, 15
443, 68, 15
381, 69, 15
363, 70, 15
367, 72, 15
367, 73, 15
368, 74, 15
367, 75, 15
434, 76, 15
434, 78, 15
435, 79, 15
479, 80, 15
484, 81, 15
509, 82, 15
508, 84, 15
508, 85, 15
530, 86, 15
532, 87, 15
555, 89, 15
544, 90, 15
543, 89, 15
544, 88, 15
551, 87, 15
562, 85, 15
551, 84, 15
555, 83, 15
554, 82, 15
554, 80, 15
555, 79, 15
634, 78, 15
550, 77, 15
551, 76, 15
550, 74, 15
552, 73, 15
564, 72, 15
537, 71, 15
537, 70, 15
515, 68, 15
614, 67, 15
516, 66, 15
502, 65, 15
491, 63, 15
458, 62, 15
457, 61, 15
459, 60, 15
409, 59, 15
408, 57, 15
409, 56, 15
360, 55, 15
360, 54, 15
365, 53, 15
364, 51, 15
367, 50, 15
367, 49, 15
371, 48, 15
373, 46, 15
394, 45, 15
375, 44, 15
374, 43, 15
374, 42, 15
379, 40, 15
388, 39, 15
378, 38, 15
432, 37, 15
378, 36, 15
379, 34, 15
449, 33, 15
395, 32, 15
375, 31, 15
446, 29, 15
374, 28, 15
375, 27, 15
476, 26, 15
372, 25, 15
371, 23, 15
372, 22, 15
371, 21, 15
364, 20, 15
384, 18, 15
363, 17, 15
356, 16, 15
356, 15, 15
357, 14, 15
370, 12, 15
348, 11, 15
348, 10, 15
337, 9, 15
339, 8, 15
355, 6, 15
145, 5, 15
184, 4, 15
146, 3, 15
67, 2, 15
60, 1, 15
60, 0, 15
106, 1, 15
76, 2, 15
76, 3, 15
77, 4, 16
56, 5, 16
59, 6, 16
60, 7, 16
155, 8, 16
76, 10, 16
107, 11, 16
121, 12, 16
123, 13, 16
96, 14, 16
64, 16, 16
64, 17, 16
67, 18, 16
68, 19, 16
68, 20, 16
94, 21, 16
273, 22, 16
280, 23, 16
324, 25, 16
342, 26, 16
341, 27, 16
398, 28, 16
349, 29, 16
349, 31, 16
351, 32, 16
356, 33, 16
357, 34, 16
362, 36, 16
360, 37, 16
363, 38, 16
363, 39, 16
368, 40, 16
370, 42, 16
388, 43, 16
371, 44, 16
371, 45, 16
371, 47, 16
376, 48, 16
390, 49, 16
374, 50, 16
374, 51, 16
374, 53, 16
375, 54, 16
380, 55, 16
388, 56, 16
375, 58, 16
375, 59, 16
375, 60, 16
371, 61, 16
440, 62, 16
370, 64, 16
368, 65, 16
436, 66, 16
368, 67, 16
364, 68, 16
440, 70, 16
363, 71, 16
364, 72, 16
435, 73, 16
365, 74, 16
451, 76, 16
517, 77, 16
430, 78, 16
479, 79, 16
480, 81, 16
487, 82, 16
508, 83, 16
508, 84, 16
508, 85, 16
530, 87, 16
533, 88, 16
530, 89, 16
543, 90, 16
544, 89, 16
551, 87, 16
552, 86, 16
558, 85, 16
555, 84, 16
554, 82, 16
555, 81, 16
551, 80, 16
558, 79, 16
551, 78, 16
551, 76, 16
550, 75, 16
551, 74, 16
544, 73, 16
564, 71, 16
540, 70, 16
611, 69, 16
519, 68, 16
520, 67, 16
515, 65, 16
497, 64, 16
498, 63, 16
546, 62, 16
461, 60, 16
461, 59, 16
426, 58, 16
409, 57, 16
356, 56, 16
356, 54, 16
357, 53, 16
367, 52, 16
366, 51, 16
367, 49, 16
371, 48, 16
372, 47, 16
375, 46, 16
375, 45, 16
374, 43, 16
374, 42, 16
375, 41, 16
376, 40, 16
400, 39, 16
375, 37, 16
374, 36, 16
375, 35, 16
376, 34, 16
381, 32, 16
433, 31, 16
374, 30, 16
375, 29, 16
452, 28, 16
374, 26, 16
393, 25, 16
503, 24, 16
359, 23, 16
359, 22, 16
426, 20, 16
373, 19, 16
360, 18, 16
358, 17, 16
356, 16, 16
356, 14, 16
349, 13, 16
367, 12, 16
348, 11, 16
338, 9, 16
338, 8, 16
341, 7, 16
233, 6, 16
185, 5, 16
185, 4, 16
60, 3, 16
60, 2, 16
91, 1, 16
61, 0, 16
65, 1, 16
76, 2, 16
77, 4, 16
64, 5, 17
63, 6, 17
142, 7, 17
73, 8, 17
113, 9, 17
72, 10, 17
73, 11, 17
143, 12, 17
92, 13, 17
92, 14, 17
83, 16, 17
63, 17, 17
56, 18, 17
72, 19, 17
72, 20, 17
78, 21, 17
237, 22, 17
236, 24, 17
237, 25, 17
338, 26, 17
344, 27, 17
344, 28, 17
349, 30, 17
348, 31, 17
349, 32, 17
359, 33, 17
375, 35, 17
356, 36, 17
359, 37, 17
360, 38, 17
360, 39, 17
402, 41, 17
364, 42, 17
371, 43, 17
371, 44, 17
371, 45, 17
375, 47, 17
386, 48, 17
374, 49, 17
375, 50, 17
422, 52, 17
376, 53, 17
375, 54, 17
445, 55, 17
374, 56, 17
375, 58, 17
451, 59, 17
378, 60, 17
381, 61, 17
444, 63, 17
371, 64, 17
367, 65, 17
373, 66, 17
382, 67, 17
363, 69, 17
365, 70, 17
363, 71, 17
364, 72, 17
368, 73, 17
363, 75, 17
427, 76, 17
427, 77, 17
472, 78, 17
474, 80, 17
496, 81, 17
512, 82, 17
511, 83, 17
512, 84, 17
527, 86, 17
537, 87, 17
526, 88, 17
544, 89, 17
543, 90, 17
544, 88, 17
555, 87, 17
572, 86, 17
550, 85, 17
607, 83, 17
547, 82, 17
549, 81, 17
682, 80, 17
547, 79, 17
547, 77, 17
646, 76, 17
551, 75, 17
551, 74, 17
703, 72, 17
540, 71, 17
516, 70, 17
520, 69, 17
519, 68, 17
505, 66, 17
593, 65, 17
504, 64, 17
479, 63, 17
480, 62, 17
491, 60, 17
420, 59, 17
420, 58, 17
419, 57, 17
364, 55, 17
368, 54, 17
381, 53, 17
363, 52, 17
363, 51, 17
363, 49, 17
373, 48, 17
397, 47, 17
368, 46, 17
371, 44, 17
371, 43, 17
408, 42, 17
379, 41, 17
389, 40, 17
444, 38, 17
374, 37, 17
375, 36, 17
447, 35, 17
399, 33, 17
372, 32, 17
446, 31, 17
374, 30, 17
375, 29, 17
371, 27, 17
381, 26, 17
371, 25, 17
368, 24, 17
367, 23, 17
368, 21, 17
383, 20, 17
359, 19, 17
359, 18, 17
352, 17, 17
353, 15, 17
356, 14, 17
340, 13, 17
344, 12, 17
344, 10, 17
337, 9, 17
341, 8, 17
333, 7, 17
189, 6, 17
189, 5, 17
191, 4, 17
88, 2, 17
76, 1, 17
77, 0, 17
80, 1, 17
80, 2, 17
80, 3, 17
80, 4, 17
114, 5, 18
68, 6, 18
75, 7, 18
85, 8, 18
84, 9, 18
85, 10, 18
97, 11, 18
127, 12, 18
96, 13, 18
52, 15, 18
95, 16, 18
51, 17, 18
64, 18, 18
65, 19, 18
85, 20, 18
64, 21, 18
202, 22, 18
202, 24, 18
202, 25, 18
355, 26, 18
337, 27, 18
338, 29, 18
345, 30, 18
345, 31, 18
356, 32, 18
353, 33, 18
356, 35, 18
360, 36, 18
360, 37, 18
362, 38, 18
368, 40, 18
367, 41, 18
367, 42, 18
371, 43, 18
381, 44, 18
381, 46, 18
369, 47, 18
432, 48, 18
371, 49, 18
375, 51, 18
454, 52, 18
393, 53, 18
375, 54, 18
446, 55, 18
374, 57, 18
376, 58, 18
460, 59, 18
375, 60, 18
371, 61, 18
373, 63, 18
368, 64, 18
372, 65, 18
381, 66, 18
360, 67, 18
359, 69, 18
360, 70, 18
360, 71, 18
383, 72, 18
358, 74, 18
420, 75, 18
420, 76, 18
420, 77, 18
473, 78, 18
463, 80, 18
464, 81, 18
505, 82, 18
505, 83, 18
507, 84, 18
550, 86, 18
526, 87, 18
526, 88, 18
540, 89, 18
541, 89, 18
540, 88, 18
631, 87, 18
551, 86, 18
551, 85, 18
679, 83, 18
554, 82, 18
548, 81, 18
647, 80, 18
547, 78, 18
555, 77, 18
649, 76, 18
581, 75, 18
544, 74, 18
546, 72, 18
543, 71, 18
516, 70, 18
527, 69, 18
516, 67, 18
505, 66, 18
505, 65, 18
505, 64, 18
475, 63, 18
494, 61, 18
471, 60, 18
412, 59, 18
412, 58, 18
413, 56, 18
371, 55, 18
356, 54, 18
360, 53, 18
363, 52, 18
363, 50, 18
368, 49, 18
387, 48, 18
367, 47, 18
414, 46, 18
371, 44, 18
372, 43, 18
447, 42, 18
371, 41, 18
374, 39, 18
443, 38, 18
375, 37, 18
377, 36, 18
468, 35, 18
374, 33, 18
374, 32, 18
377, 31, 18
375, 30, 18
381, 29, 18
368, 27, 18
371, 26, 18
371, 25, 18
367, 24, 18
370, 23, 18
367, 21, 18
360, 20, 18
359, 19, 18
360, 18, 18
357, 16, 18
367, 15, 18
349, 14, 18
348, 13, 18
348, 12, 18
338, 10, 18
341, 9, 18
332, 8, 18
233, 7, 18
233, 6, 18
234, 5, 18
60, 3, 18
64, 2, 18
60, 1, 18
79, 0, 18
64, 1, 18
64, 2, 18
72, 3, 18
68, 4, 18
82, 5, 19
71, 6, 19
187, 7, 19
80, 8, 19
81, 9, 19
81, 10, 19
92, 11, 19
118, 12, 19
93, 13, 19
52, 15, 19
78, 16, 19
51, 17, 19
56, 18, 19
71, 19, 19
55, 20, 19
154, 21, 19
154, 23, 19
156, 24, 19
334, 25, 19
333, 26, 19
333, 27, 19
345, 29, 19
346, 30, 19
354, 31, 19
352, 32, 19
352, 34, 19
352, 35, 19
360, 36, 19
363, 37, 19
379, 38, 19
364, 40, 19
390, 41, 19
363, 42, 19
369, 43, 19
450, 45, 19
367, 46, 19
371, 47, 19
445, 48, 19
371, 49, 19
376, 51, 19
469, 52, 19
371, 53, 19
371, 54, 19
447, 55, 19
371, 57, 19
395, 58, 19
433, 59, 19
368, 60, 19
367, 61, 19
367, 63, 19
364, 64, 19
372, 65, 19
363, 66, 19
360, 68, 19
360, 69, 19
361, 70, 19
377, 71, 19
356, 72, 19
356, 74, 19
420, 75, 19
421, 76, 19
426, 77, 19
466, 79, 19
468, 80, 19
468, 81, 19
505, 82, 19
508, 83, 19
505, 85, 19
519, 86, 19
519, 87, 19
537, 88, 19
605, 90, 19
548, 89, 19
548, 88, 19
547, 87, 19
547, 86, 19
555, 84, 19
694, 83, 19
575, 82, 19
555, 81, 19
657, 80, 19
554, 78, 19
552, 77, 19
580, 76, 19
551, 75, 19
547, 73, 19
547, 72, 19
547, 71, 19
528, 70, 19
538, 69, 19
522, 67, 19
498, 66, 19
498, 65, 19
498, 64, 19
493, 63, 19
468, 61, 19
431, 60, 19
431, 59, 19
431, 58, 19
364, 56, 19
373, 55, 19
364, 54, 19
361, 53, 19
360, 52, 19
361, 50, 19
408, 49, 19
363, 48, 19
363, 47, 19
367, 45, 19
367, 44, 19
371, 43, 19
444, 42, 19
370, 41, 19
371, 39, 19
446, 38, 19
376, 37, 19
399, 36, 19
376, 35, 19
374, 33, 19
375, 32, 19
372, 31, 19
377, 30, 19
368, 28, 19
367, 27, 19
367, 26, 19
364, 25, 19
365, 24, 19
387, 22, 19
360, 21, 19
359, 20, 19
359, 19, 19
353, 18, 19
359, 16, 19
347, 15, 19
345, 14, 19
345, 13, 19
345, 11, 19
336, 10, 19
354, 9, 19
345, 8, 19
237, 7, 19
237, 6, 19
255, 5, 19
77, 3, 19
101, 2, 19
77, 1, 19
80, 0, 19
80, 1, 19
80, 2, 19
95, 3, 19
47, 4, 19
97, 5, 20
55, 6, 20
56, 7, 20
56, 8, 20
59, 9, 20
56, 10, 20
76, 11, 20
105, 12, 20
78, 14, 20
80, 15, 20
107, 16, 20
80, 17, 20
61, 18, 20
103, 19, 20
60, 20, 20
132, 22, 20
150, 23, 20
134, 24, 20
351, 25, 20
394, 27, 20
330, 28, 20
345, 29, 20
414, 30, 20
345, 31, 20
348, 33, 20
425, 34, 20
356, 35, 20
356, 36, 20
421, 37, 20
364, 39, 20
363, 40, 20
469, 41, 20
367, 42, 20
368, 43, 20
376, 45, 20
368, 46, 20
367, 47, 20
367, 48, 20
372, 50, 20
374, 51, 20
391, 52, 20
371, 53, 20
371, 54, 20
371, 56, 20
372, 57, 20
386, 58, 20
368, 59, 20
367, 61, 20
367, 62, 20
367, 63, 20
368, 64, 20
378, 65, 20
360, 67, 20
358, 68, 20
359, 69, 20
353, 70, 20
441, 72, 20
352, 73, 20
406, 74, 20
477, 75, 20
406, 76, 20
458, 78, 20
573, 79, 20
457, 80, 20
494, 81, 20
672, 82, 20
495, 84, 20
546, 85, 20
523, 86, 20
519, 87, 20
540, 89, 20
541, 90, 20
546, 89, 20
551, 88, 20
551, 87, 20
550, 85, 20
555, 84, 20
557, 83, 20
554, 82, 20
554, 81, 20
554, 79, 20
555, 78, 20
552, 77, 20
559, 76, 20
548, 74, 20
547, 73, 20
547, 72, 20
523, 71, 20
526, 70, 20
548, 68, 20
535, 67, 20
505, 66, 20
505, 65, 20
569, 63, 20
496, 62, 20
485, 61, 20
520, 60, 20
443, 59, 20
443, 57, 20
444, 56, 20
391, 55, 20
371, 54, 20
356, 53, 20
356, 51, 20
356, 50, 20
375, 49, 20
360, 48, 20
364, 46, 20
367, 45, 20
368, 44, 20
371, 43, 20
390, 42, 20
370, 40, 20
371, 39, 20
371, 38, 20
372, 37, 20
371, 36, 20
368, 34, 20
371, 33, 20
371, 32, 20
371, 31, 20
373, 29, 20
385, 28, 20
367, 27, 20
392, 26, 20
364, 25, 20
364, 23, 20
440, 22, 20
357, 21, 20
359, 20, 20
430, 18, 20
356, 17, 20
359, 16, 20
423, 15, 20
349, 14, 20
348, 12, 20
347, 11, 20
342, 10, 20
350, 9, 20
347, 8, 20
288, 7, 20
288, 5, 20
68, 4, 20
68, 3, 20
75, 2, 20
69, 1, 20
72, 0, 20
72, 1, 20
73, 2, 20
73, 3, 20
72, 4, 20
92, 5, 21
95, 6, 21
60, 7, 21
60, 8, 21
67, 9, 21
85, 10, 21
84, 11, 21
114, 12, 21
88, 14, 21
88, 15, 21
88, 16, 21
72, 17, 21
78, 18, 21
88, 19, 21
73, 20, 21
96, 22, 21
100, 23, 21
96, 24, 21
326, 25, 21
326, 26, 21
326, 27, 21
346, 29, 21
355, 30, 21
349, 31, 21
348, 32, 21
348, 34, 21
356, 35, 21
380, 36, 21
353, 37, 21
360, 38, 21
360, 40, 21
360, 41, 21
364, 42, 21
372, 43, 21
363, 45, 21
368, 46, 21
368, 47, 21
419, 48, 21
395, 49, 21
371, 51, 21
440, 52, 21
371, 53, 21
371, 54, 21
447, 55, 21
368, 57, 21
371, 58, 21
441, 59, 21
367, 60, 21
369, 62, 21
437, 63, 21
363, 64, 21
363, 65, 21
360, 66, 21
360, 68, 21
366, 69, 21
353, 70, 21
352, 71, 21
352, 72, 21
410, 74, 21
411, 75, 21
433, 76, 21
458, 77, 21
457, 78, 21
457, 80, 21
495, 81, 21
500, 82, 21
504, 83, 21
519, 85, 21
519, 86, 21
519, 87, 21
540, 88, 21
562, 89, 21
537, 89, 21
550, 88, 21
591, 87, 21
551, 86, 21
565, 84, 21
678, 83, 21
555, 82, 21
551, 81, 21
662, 80, 21
551, 78, 21
574, 77, 21
642, 76, 21
548, 75, 21
547, 73, 21
548, 72, 21
527, 71, 21
526, 70, 21
526, 69, 21
505, 67, 21
505, 66, 21
507, 65, 21
501, 64, 21
482, 63, 21
482, 61, 21
431, 60, 21
432, 59, 21
442, 58, 21
362, 56, 21
363, 55, 21
363, 54, 21
360, 53, 21
363, 52, 21
360, 50, 21
363, 49, 21
363, 48, 21
368, 47, 21
391, 45, 21
378, 44, 21
367, 43, 21
438, 42, 21
367, 41, 21
372, 39, 21
441, 38, 21
389, 37, 21
371, 36, 21
430, 35, 21
371, 33, 21
372, 32, 21
389, 31, 21
368, 30, 21
367, 28, 21
367, 27, 21
367, 26, 21
366, 25, 21
383, 24, 21
363, 22, 21
359, 21, 21
360, 20, 21
359, 19, 21
361, 18, 21
348, 16, 21
345, 15, 21
345, 14, 21
345, 13, 21
338, 11, 21
357, 10, 21
337, 9, 21
210, 8, 21
210, 7, 21
215, 6, 21
64, 4, 21
64, 3, 21
64, 2, 21
64, 1, 21
94, 0, 21
68, 1, 21
85, 2, 21
72, 3, 21
72, 4, 21
79, 5, 21
72, 6, 22
165, 7, 22
82, 8, 22
112, 9, 22
101, 10, 22
100, 11, 22
111, 12, 22
110, 14, 22
88, 15, 22
88, 16, 22
61, 17, 22
63, 18, 22
80, 19, 22
84, 21, 22
84, 22, 22
86, 23, 22
323, 24, 22
322, 25, 22
322, 26, 22
338, 28, 22
340, 29, 22
359, 30, 22
345, 31, 22
345, 32, 22
344, 34, 22
354, 35, 22
362, 36, 22
408, 37, 22
356, 39, 22
356, 40, 22
421, 41, 22
367, 42, 22
379, 43, 22
432, 45, 22
367, 46, 22
367, 47, 22
431, 48, 22
393, 50, 22
364, 51, 22
370, 52, 22
367, 53, 22
367, 54, 22
368, 56, 22
382, 57, 22
367, 58, 22
364, 59, 22
363, 60, 22
364, 62, 22
364, 63, 22
360, 64, 22
363, 65, 22
356, 66, 22
356, 68, 22
359, 69, 22
364, 70, 22
348, 71, 22
348, 73, 22
402, 74, 22
402, 75, 22
410, 76, 22
449, 77, 22
450, 79, 22
450, 80, 22
490, 81, 22
534, 82, 22
490, 84, 22
512, 85, 22
601, 86, 22
533, 87, 22
534, 88, 22
640, 90, 22
548, 89, 22
547, 88, 22
696, 87, 22
555, 85, 22
559, 84, 22
688, 83, 22
551, 82, 22
550, 81, 22
656, 79, 22
554, 78, 22
577, 77, 22
551, 76, 22
547, 75, 22
547, 73, 22
548, 72, 22
538, 71, 22
530, 70, 22
529, 68, 22
505, 67, 22
505, 66, 22
505, 65, 22
497, 64, 22
471, 62, 22
443, 61, 22
443, 60, 22
443, 59, 22
379, 57, 22
398, 56, 22
378, 55, 22
353, 54, 22
352, 53, 22
354, 51, 22
360, 50, 22
429, 49, 22
360, 48, 22
364, 46, 22
436, 45, 22
368, 44, 22
372, 43, 22
377, 42, 22
367, 40, 22
367, 39, 22
369, 38, 22
379, 37, 22
366, 36, 22
367, 34, 22
367, 33, 22
367, 32, 22
370, 31, 22
368, 30, 22
367, 28, 22
367, 27, 22
364, 26, 22
365, 25, 22
373, 23, 22
357, 22, 22
356, 21, 22
356, 20, 22
349, 19, 22
351, 17, 22
367, 16, 22
358, 15, 22
345, 14, 22
345, 12, 22
401, 11, 22
347, 10, 22
332, 9, 22
339, 8, 22
311, 7, 22
313, 6, 22
72, 4, 22
80, 3, 22
106, 2, 22
72, 1, 22
72, 0, 22
72, 1, 22
75, 2, 22
60, 3, 22
60, 4, 22
112, 5, 22
60, 6, 23
60, 7, 23
60, 8, 23
92, 9, 23
92, 10, 23
92, 11, 23
122, 12, 23
103, 14, 23
88, 15, 23
88, 16, 23
56, 17, 23
62, 18, 23
84, 19, 23
76, 21, 23
76, 22, 23
79, 23, 23
308, 24, 23
310, 25, 23
310, 26, 23
338, 28, 23
342, 29, 23
355, 30, 23
345, 31, 23
345, 32, 23
345, 34, 23
353, 35, 23
364, 36, 23
372, 37, 23
356, 39, 23
356, 40, 23
417, 41, 23
363, 42, 23
377, 43, 23
435, 45, 23
364, 46, 23
363, 47, 23
442, 48, 23
379, 50, 23
364, 51, 23
439, 52, 23
367, 53, 23
367, 54, 23
372, 56, 23
385, 57, 23
367, 58, 23
364, 59, 23
363, 60, 23
364, 62, 23
375, 63, 23
356, 64, 23
359, 65, 23
356, 66, 23
356, 68, 23
356, 69, 23
363, 70, 23
348, 71, 23
349, 73, 23
391, 74, 23
391, 75, 23
447, 76, 23
445, 77, 23
446, 79, 23
490, 80, 23
490, 81, 23
493, 82, 23
516, 84, 23
515, 85, 23
573, 86, 23
534, 87, 23
535, 88, 23
641, 90, 23
544, 89, 23
543, 88, 23
693, 87, 23
552, 86, 23
555, 84, 23
703, 83, 23
551, 82, 23
550, 81, 23
641, 79, 23
553, 78, 23
577, 77, 23
551, 76, 23
547, 75, 23
547, 73, 23
547, 72, 23
536, 71, 23
545, 70, 23
512, 68, 23
511, 67, 23
511, 66, 23
490, 65, 23
516, 64, 23
489, 62, 23
444, 61, 23
443, 60, 23
443, 59, 23
380, 57, 23
388, 56, 23
375, 55, 23
353, 54, 23
386, 53, 23
353, 51, 23
382, 50, 23
421, 49, 23
356, 48, 23
360, 46, 23
429, 45, 23
360, 44, 23
380, 43, 23
436, 42, 23
364, 40, 23
367, 39, 23
371, 38, 23
368, 37, 23
364, 36, 23
367, 34, 23
364, 33, 23
365, 32, 23
365, 31, 23
364, 30, 23
363, 28, 23
363, 27, 23
360, 26, 23
361, 25, 23
364, 23, 23
352, 22, 23
356, 21, 23
356, 20, 23
352, 19, 23
354, 17, 23
375, 16, 23
345, 15, 23
345, 14, 23
345, 13, 23
334, 11, 23
339, 10, 23
334, 9, 23
307, 8, 23
307, 7, 23
308, 6, 23
84, 4, 23
84, 3, 23
92, 2, 23
73, 1, 23
75, 0, 23
72, 1, 23
64, 2, 23
64, 3, 23
64, 4, 23
84, 5, 23
52, 6, 23
96, 7, 24
52, 8, 24
106, 9, 24
72, 10, 24
72, 11, 24
96, 12, 24
72, 14, 24
72, 15, 24
96, 16, 24
65, 17, 24
68, 18, 24
63, 19, 24
56, 20, 24
57, 21, 24
71, 23, 24
295, 24, 24
358, 25, 24
295, 26, 24
336, 27, 24
435, 28, 24
330, 30, 24
345, 31, 24
348, 32, 24
345, 33, 24
354, 35, 24
436, 36, 24
352, 37, 24
352, 38, 24
354, 39, 24
360, 41, 24
383, 42, 24
360, 43, 24
360, 44, 24
360, 46, 24
360, 47, 24
364, 48, 24
373, 49, 24
363, 50, 24
364, 52, 24
363, 53, 24
365, 54, 24
389, 55, 24
362, 56, 24
363, 58, 24
364, 59, 24
364, 60, 24
367, 61, 24
406, 63, 24
359, 64, 24
360, 65, 24
411, 66, 24
357, 67, 24
356, 69, 24
422, 70, 24
348, 71, 24
375, 72, 24
443, 74, 24
378, 75, 24
440, 76, 24
472, 77, 24
439, 78, 24
483, 80, 24
485, 81, 24
510, 82, 24
512, 83, 24
512, 85, 24
511, 86, 24
534, 87, 24
539, 88, 24
554, 89, 24
547, 89, 24
547, 88, 24
547, 87, 24
560, 86, 24
586, 85, 24
559, 83, 24
554, 82, 24
554, 81, 24
554, 80, 24
560, 79, 24
573, 77, 24
555, 76, 24
551, 75, 24
550, 74, 24
613, 72, 24
560, 71, 24
533, 70, 24
613, 69, 24
515, 68, 24
516, 66, 24
594, 65, 24
518, 64, 24
501, 63, 24
552, 61, 24
468, 60, 24
469, 59, 24
428, 58, 24
400, 57, 24
401, 55, 24
349, 54, 24
349, 53, 24
351, 52, 24
370, 51, 24
356, 49, 24
356, 48, 24
360, 47, 24
360, 46, 24
360, 44, 24
360, 43, 24
363, 42, 24
364, 41, 24
364, 40, 24
365, 38, 24
364, 37, 24
363, 36, 24
363, 35, 24
364, 33, 24
364, 32, 24
400, 31, 24
364, 30, 24
363, 29, 24
363, 27, 24
360, 26, 24
362, 25, 24
461, 24, 24
356, 22, 24
356, 21, 24
426, 20, 24
350, 19, 24
355, 18, 24
360, 16, 24
344, 15, 24
345, 14, 24
345, 13, 24
335, 11, 24
356, 10, 24
311, 9, 24
311, 8, 24
311, 7, 24
374, 6, 24
72, 5, 24
72, 4, 24
73, 3, 24
64, 2, 24
72, 1, 24
72, 1, 24
63, 2, 24
55, 3, 24
56, 4, 24
59, 5, 24
60, 6, 24
59, 7, 24
61, 8, 25
154, 9, 25
76, 10, 25
78, 11, 25
60, 12, 25
60, 13, 25
60, 14, 25
44, 16, 25
47, 17, 25
56, 18, 25
43, 19, 25
56, 20, 25
58, 21, 25
56, 22, 25
236, 23, 25
236, 25, 25
237, 26, 25
335, 27, 25
344, 28, 25
330, 29, 25
341, 31, 25
341, 32, 25
341, 33, 25
370, 34, 25
341, 36, 25
353, 37, 25
352, 38, 25
368, 39, 25
357, 40, 25
371, 42, 25
421, 43, 25
360, 44, 25
360, 45, 25
431, 46, 25
364, 48, 25
361, 49, 25
427, 50, 25
364, 51, 25
364, 53, 25
438, 54, 25
378, 55, 25
363, 56, 25
365, 57, 25
360, 59, 25
361, 60, 25
370, 61, 25
360, 62, 25
359, 63, 25
360, 65, 25
353, 66, 25
355, 67, 25
345, 68, 25
344, 70, 25
344, 71, 25
375, 72, 25
376, 73, 25
385, 74, 25
443, 76, 25
443, 77, 25
442, 78, 25
487, 79, 25
490, 81, 25
510, 82, 25
516, 83, 25
516, 84, 25
515, 85, 25
534, 87, 25
602, 88, 25
581, 89, 25
544, 90, 25
642, 89, 25
544, 87, 25
558, 86, 25
721, 85, 25
554, 84, 25
554, 82, 25
677, 81, 25
554, 80, 25
566, 79, 25
645, 78, 25
551, 76, 25
551, 75, 25
551, 74, 25
537, 73, 25
560, 71, 25
537, 70, 25
516, 69, 25
515, 68, 25
516, 67, 25
494, 65, 25
492, 64, 25
493, 63, 25
447, 62, 25
447, 61, 25
448, 59, 25
402, 58, 25
378, 57, 25
378, 56, 25
345, 54, 25
345, 53, 25
350, 52, 25
398, 51, 25
352, 50, 25
352, 48, 25
424, 47, 25
358, 46, 25
360, 45, 25
428, 44, 25
359, 42, 25
364, 41, 25
432, 40, 25
368, 39, 25
364, 37, 25
366, 36, 25
363, 35, 25
364, 34, 25
365, 33, 25
375, 31, 25
360, 30, 25
359, 29, 25
359, 28, 25
357, 26, 25
359, 25, 25
375, 24, 25
356, 23, 25
356, 22, 25
356, 20, 25
350, 19, 25
357, 18, 25
348, 17, 25
345, 16, 25
344, 14, 25
345, 13, 25
336, 12, 25
355, 11, 25
350, 9, 25
318, 8, 25
319, 7, 25
84, 6, 25
84, 5, 25
112, 4, 25
85, 3, 25
64, 2, 25
68, 1, 25
68, 0, 25
73, 1, 25
72, 2, 25
130, 3, 25
72, 4, 25
48, 5, 25
47, 7, 25
48, 8, 25
72, 9, 26
80, 10, 26
111, 11, 26
101, 12, 26
106, 13, 26
100, 14, 26
68, 16, 26
68, 17, 26
96, 18, 26
60, 19, 26
60, 20, 26
68, 21, 26
206, 22, 26
213, 24, 26
206, 25, 26
327, 26, 26
326, 27, 26
357, 28, 26
338, 30, 26
336, 31, 26
398, 32, 26
342, 33, 26
341, 34, 26
416, 36, 26
363, 37, 26
348, 38, 26
418, 39, 26
352, 41, 26
353, 42, 26
392, 43, 26
354, 44, 26
356, 45, 26
357, 47, 26
360, 48, 26
363, 49, 26
360, 50, 26
359, 52, 26
359, 53, 26
360, 54, 26
361, 55, 26
370, 56, 26
360, 58, 26
360, 59, 26
359, 60, 26
356, 61, 26
359, 63, 26
375, 64, 26
353, 65, 26
352, 66, 26
352, 67, 26
346, 69, 26
353, 70, 26
350, 71, 26
375, 72, 26
374, 73, 26
375, 75, 26
442, 76, 26
530, 77, 26
438, 78, 26
479, 80, 26
572, 81, 26
479, 82, 26
518, 83, 26
610, 84, 26
512, 86, 26
529, 87, 26
628, 88, 26
544, 89, 26
570, 90, 26
544, 88, 26
555, 87, 26
554, 86, 26
555, 85, 26
551, 83, 26
551, 82, 26
555, 81, 26
551, 80, 26
551, 79, 26
553, 77, 26
576, 76, 26
551, 75, 26
550, 74, 26
537, 73, 26
537, 71, 26
543, 70, 26
527, 69, 26
519, 68, 26
519, 66, 26
498, 65, 26
500, 64, 26
498, 63, 26
457, 62, 26
457, 60, 26
406, 59, 26
479, 58, 26
411, 57, 26
345, 55, 26
408, 54, 26
345, 53, 26
349, 52, 26
350, 51, 26
359, 49, 26
356, 48, 26
361, 47, 26
356, 46, 26
361, 45, 26
363, 43, 26
379, 42, 26
360, 41, 26
360, 40, 26
359, 38, 26
365, 37, 26
373, 36, 26
359, 35, 26
360, 34, 26
359, 32, 26
360, 31, 26
362, 30, 26
383, 29, 26
356, 27, 26
356, 26, 26
356, 25, 26
353, 24, 26
357, 23, 26
364, 21, 26
374, 20, 26
348, 19, 26
349, 18, 26
342, 17, 26
367, 15, 26
338, 14, 26
392, 13, 26
333, 12, 26
334, 10, 26
380, 9, 26
305, 8, 26
311, 7, 26
84, 6, 26
89, 5, 26
147, 4, 26
72, 3, 26
73, 2, 26
77, 1, 26
72, 0, 26
102, 1, 26
82, 3, 26
76, 4, 26
73, 5, 26
74, 6, 26
66, 7, 26
96, 8, 26
141, 9, 27
111, 10, 27
96, 11, 27
80, 12, 27
76, 13, 27
85, 14, 27
72, 16, 27
72, 17, 27
99, 18, 27
63, 19, 27
56, 20, 27
56, 21, 27
154, 22, 27
155, 23, 27
173, 25, 27
326, 26, 27
326, 27, 27
326, 28, 27
338, 30, 27
346, 31, 27
374, 32, 27
341, 33, 27
341, 34, 27
412, 36, 27
351, 37, 27
371, 38, 27
416, 39, 27
352, 41, 27
352, 42, 27
425, 43, 27
363, 44, 27
363, 45, 27
369, 47, 27
359, 48, 27
359, 49, 27
370, 50, 27
383, 52, 27
360, 53, 27
360, 54, 27
359, 55, 27
360, 56, 27
366, 58, 27
373, 59, 27
360, 60, 27
356, 61, 27
356, 63, 27
357, 64, 27
374, 65, 27
346, 66, 27
348, 67, 27
341, 69, 27
341, 70, 27
341, 71, 27
378, 72, 27
363, 73, 27
364, 75, 27
435, 76, 27
443, 77, 27
473, 78, 27
471, 80, 27
548, 81, 27
505, 82, 27
505, 83, 27
600, 84, 27
527, 86, 27
526, 87, 27
628, 88, 27
544, 89, 27
545, 90, 27
660, 88, 27
551, 87, 27
551, 86, 27
554, 85, 27
552, 83, 27
555, 82, 27
692, 81, 27
551, 80, 27
550, 79, 27
552, 77, 27
552, 76, 27
578, 75, 27
551, 74, 27
543, 73, 27
544, 71, 27
544, 70, 27
524, 69, 27
542, 68, 27
502, 66, 27
501, 65, 27
501, 64, 27
465, 63, 27
475, 62, 27
463, 60, 27
413, 59, 27
461, 58, 27
413, 57, 27
355, 55, 27
451, 54, 27
352, 53, 27
345, 52, 27
410, 51, 27
345, 49, 27
359, 48, 27
432, 47, 27
352, 46, 27
356, 45, 27
356, 43, 27
356, 42, 27
383, 41, 27
360, 40, 27
360, 38, 27
360, 37, 27
360, 36, 27
360, 35, 27
374, 34, 27
359, 32, 27
356, 31, 27
356, 30, 27
357, 29, 27
356, 27, 27
352, 26, 27
356, 25, 27
353, 24, 27
353, 23, 27
354, 21, 27
363, 20, 27
345, 19, 27
344, 18, 27
341, 17, 27
342, 15, 27
346, 14, 27
408, 13, 27
333, 12, 27
333, 10, 27
390, 9, 27
326, 8, 27
317, 7, 27
157, 6, 27
157, 5, 27
159, 4, 27
44, 3, 27
55, 1, 27
56, 0, 27
80, 1, 27
119, 2, 27
80, 3, 27
72, 4, 27
72, 5, 27
72, 6, 27
108, 7, 27
96, 8, 27
132, 9, 28
92, 10, 28
81, 11, 28
138, 12, 28
80, 14, 28
64, 15, 28
72, 16, 28
79, 17, 28
52, 18, 28
52, 19, 28
52, 20, 28
111, 21, 28
108, 23, 28
108, 24, 28
319, 25, 28
319, 26, 28
323, 27, 28
334, 29, 28
333, 30, 28
333, 31, 28
338, 32, 28
339, 34, 28
347, 35, 28
344, 36, 28
345, 37, 28
344, 38, 28
349, 40, 28
351, 41, 28
367, 42, 28
352, 43, 28
352, 45, 28
352, 46, 28
357, 47, 28
364, 48, 28
356, 49, 28
356, 51, 28
384, 52, 28
356, 53, 28
359, 54, 28
442, 56, 28
357, 57, 28
356, 58, 28
421, 59, 28
353, 60, 28
360, 62, 28
427, 63, 28
349, 64, 28
348, 65, 28
427, 66, 28
342, 68, 28
363, 69, 28
340, 70, 28
349, 71, 28
348, 73, 28
349, 74, 28
434, 75, 28
440, 76, 28
428, 77, 28
468, 79, 28
468, 80, 28
470, 81, 28
531, 82, 28
505, 84, 28
505, 85, 28
526, 86, 28
527, 87, 28
527, 88, 28
557, 90, 28
544, 89, 28
551, 88, 28
551, 87, 28
552, 86, 28
555, 84, 28
555, 83, 28
554, 82, 28
555, 81, 28
648, 80, 28
558, 78, 28
574, 77, 28
643, 76, 28
554, 75, 28
547, 73, 28
708, 72, 28
558, 71, 28
519, 70, 28
544, 69, 28
519, 67, 28
506, 66, 28
509, 65, 28
504, 64, 28
479, 62, 28
479, 61, 28
479, 60, 28
424, 59, 28
431, 58, 28
349, 56, 28
349, 55, 28
349, 54, 28
342, 53, 28
343, 51, 28
365, 50, 28
349, 49, 28
349, 48, 28
348, 47, 28
353, 45, 28
356, 44, 28
369, 43, 28
354, 42, 28
356, 41, 28
356, 39, 28
417, 38, 28
367, 37, 28
352, 36, 28
417, 34, 28
356, 33, 28
356, 32, 28
419, 31, 28
375, 30, 28
356, 28, 28
374, 27, 28
352, 26, 28
349, 25, 28
359, 23, 28
344, 22, 28
345, 21, 28
345, 20, 28
345, 19, 28
342, 17, 28
363, 16, 28
340, 15, 28
334, 14, 28
333, 12, 28
334, 11, 28
324, 10, 28
325, 9, 28
318, 8, 28
132, 7, 28
135, 5, 28
141, 4, 28
73, 3, 28
72, 2, 28
75, 1, 28
104, 0, 28
72, 1, 28
73, 2, 28
81, 3, 28
48, 4, 28
68, 5, 28
61, 6, 28
114, 7, 28
68, 8, 28
69, 9, 29
68, 10, 29
72, 11, 29
96, 13, 29
75, 14, 29
64, 15, 29
96, 16, 29
72, 17, 29
58, 18, 29
56, 19, 29
55, 20, 29
73, 22, 29
73, 23, 29
81, 24, 29
364, 25, 29
311, 26, 29
311, 27, 29
397, 28, 29
351, 30, 29
330, 31, 29
408, 32, 29
337, 33, 29
338, 35, 29
422, 36, 29
352, 37, 29
341, 38, 29
412, 39, 29
345, 41, 29
346, 42, 29
373, 43, 29
348, 44, 29
349, 46, 29
352, 47, 29
353, 48, 29
353, 49, 29
364, 50, 29
352, 52, 29
352, 53, 29
353, 54, 29
354, 55, 29
353, 57, 29
352, 58, 29
352, 59, 29
349, 60, 29
349, 61, 29
351, 63, 29
361, 64, 29
345, 65, 29
344, 66, 29
338, 68, 29
338, 69, 29
380, 70, 29
342, 71, 29
344, 72, 29
412, 74, 29
424, 75, 29
426, 76, 29
511, 77, 29
468, 78, 29
468, 80, 29
562, 81, 29
502, 82, 29
508, 83, 29
542, 85, 29
523, 86, 29
523, 87, 29
541, 88, 29
543, 89, 29
567, 89, 29
552, 88, 29
551, 87, 29
550, 86, 29
555, 84, 29
560, 83, 29
574, 82, 29
551, 81, 29
550, 80, 29
551, 78, 29
557, 77, 29
571, 76, 29
555, 75, 29
543, 74, 29
543, 72, 29
544, 71, 29
528, 70, 29
543, 69, 29
523, 68, 29
508, 66, 29
569, 65, 29
509, 64, 29
516, 63, 29
575, 61, 29
447, 60, 29
446, 59, 29
527, 58, 29
379, 57, 29
396, 55, 29
378, 54, 29
342, 53, 29
341, 52, 29
342, 50, 29
354, 49, 29
340, 48, 29
345, 47, 29
349, 46, 29
349, 44, 29
350, 43, 29
373, 42, 29
352, 41, 29
352, 39, 29
352, 38, 29
353, 37, 29
352, 36, 29
364, 35, 29
352, 33, 29
353, 32, 29
352, 31, 29
353, 30, 29
349, 29, 29
346, 27, 29
348, 26, 29
349, 25, 29
404, 24, 29
351, 22, 29
345, 21, 29
412, 20, 29
345, 19, 29
342, 18, 29
407, 16, 29
347, 15, 29
333, 14, 29
394, 13, 29
337, 11, 29
326, 10, 29
329, 9, 29
343, 8, 29
185, 7, 29
208, 6, 29
186, 5, 29
79, 3, 29
63, 2, 29
63, 1, 29
68, 0, 29
68, 1, 29
73, 2, 29
69, 3, 29
56, 4, 29
60, 5, 29
60, 6, 29
64, 7, 29
64, 8, 29
102, 9, 29
84, 10, 30
89, 11, 30
82, 12, 30
84, 13, 30
95, 15, 30
88, 16, 30
88, 17, 30
83, 18, 30
63, 19, 30
52, 20, 30
72, 21, 30
72, 22, 30
74, 24, 30
292, 25, 30
291, 26, 30
291, 27, 30
327, 28, 30
328, 30, 30
349, 31, 30
334, 32, 30
334, 33, 30
334, 34, 30
338, 36, 30
343, 37, 30
348, 38, 30
345, 39, 30
345, 40, 30
345, 42, 30
350, 43, 30
373, 44, 30
349, 45, 30
372, 46, 30
349, 48, 30
349, 49, 30
410, 50, 30
365, 51, 30
353, 53, 30
423, 54, 30
352, 55, 30
353, 56, 30
435, 57, 30
348, 59, 30
349, 60, 30
415, 61, 30
349, 62, 30
348, 63, 30
367, 65, 30
345, 66, 30
337, 67, 30
337, 68, 30
338, 70, 30
340, 71, 30
342, 72, 30
333, 73, 30
413, 74, 30
413, 76, 30
413, 77, 30
495, 78, 30
467, 79, 30
502, 81, 30
501, 82, 30
502, 83, 30
523, 84, 30
544, 85, 30
522, 87, 30
541, 88, 30
540, 89, 30
541, 90, 30
548, 88, 30
548, 87, 30
547, 86, 30
653, 85, 30
551, 84, 30
554, 82, 30
700, 81, 30
551, 80, 30
551, 79, 30
640, 77, 30
548, 76, 30
557, 75, 30
551, 74, 30
550, 73, 30
551, 71, 30
530, 70, 30
532, 69, 30
530, 68, 30
505, 67, 30
505, 65, 30
483, 64, 30
483, 63, 30
488, 62, 30
439, 60, 30
438, 59, 30
438, 58, 30
360, 57, 30
362, 56, 30
383, 54, 30
338, 53, 30
337, 52, 30
337, 51, 30
345, 50, 30
349, 48, 30
361, 47, 30
349, 46, 30
349, 45, 30
400, 44, 30
350, 42, 30
359, 41, 30
417, 40, 30
352, 39, 30
352, 37, 30
418, 36, 30
355, 35, 30
374, 34, 30
422, 33, 30
352, 31, 30
352, 30, 30
350, 29, 30
354, 28, 30
362, 26, 30
345, 25, 30
345, 24, 30
345, 23, 30
342, 22, 30
354, 20, 30
337, 19, 30
338, 18, 30
337, 17, 30
337, 15, 30
337, 14, 30
351, 13, 30
333, 12, 30
322, 11, 30
323, 9, 30
323, 8, 30
173, 7, 30
165, 6, 30
165, 5, 30
88, 4, 30
64, 3, 30
60, 2, 30
68, 1, 30
85, 0, 30
68, 1, 30
68, 2, 30
114, 3, 30
48, 5, 30
56, 6, 30
84, 7, 30
84, 8, 30
84, 9, 30
101, 10, 30
138, 11, 31
105, 12, 31
88, 13, 31
88, 15, 31
89, 16, 31
72, 17, 31
100, 18, 31
72, 19, 31
64, 20, 31
80, 21, 31
64, 22, 31
63, 24, 31
248, 25, 31
249, 26, 31
248, 27, 31
320, 28, 31
322, 30, 31
323, 31, 31
330, 32, 31
333, 33, 31
338, 34, 31
337, 36, 31
337, 37, 31
341, 38, 31
342, 39, 31
349, 41, 31
345, 42, 31
381, 43, 31
345, 44, 31
349, 45, 31
414, 47, 31
371, 48, 31
349, 49, 31
418, 50, 31
348, 51, 31
349, 53, 31
424, 54, 31
363, 55, 31
348, 56, 31
416, 58, 31
348, 59, 31
350, 60, 31
361, 61, 31
348, 62, 31
341, 64, 31
341, 65, 31
334, 66, 31
337, 67, 31
355, 69, 31
331, 70, 31
330, 71, 31
330, 72, 31
402, 73, 31
410, 75, 31
412, 76, 31
462, 77, 31
461, 78, 31
461, 79, 31
496, 81, 31
519, 82, 31
493, 83, 31
519, 84, 31
519, 86, 31
519, 87, 31
539, 88, 31
548, 89, 31
533, 90, 31
617, 88, 31
547, 87, 31
547, 86, 31
716, 85, 31
551, 83, 31
551, 82, 31
663, 81, 31
551, 80, 31
551, 79, 31
659, 77, 31
550, 76, 31
551, 75, 31
551, 74, 31
552, 72, 31
530, 71, 31
529, 70, 31
529, 69, 31
505, 68, 31
505, 66, 31
508, 65, 31
501, 64, 31
482, 63, 31
482, 62, 31
435, 60, 31
435, 59, 31
442, 58, 31
364, 57, 31
367, 55, 31
367, 54, 31
334, 53, 31
335, 52, 31
334, 51, 31
337, 49, 31
337, 48, 31
389, 47, 31
341, 46, 31
344, 45, 31
418, 43, 31
348, 42, 31
348, 41, 31
406, 40, 31
349, 38, 31
357, 37, 31
391, 36, 31
349, 35, 31
349, 34, 31
349, 32, 31
350, 31, 31
373, 30, 31
349, 29, 31
348, 28, 31
348, 26, 31
346, 25, 31
349, 24, 31
361, 23, 31
341, 21, 31
341, 20, 31
341, 19, 31
338, 18, 31
347, 17, 31
330, 15, 31
330, 14, 31
330, 13, 31
323, 12, 31
325, 10, 31
342, 9, 31
229, 8, 31
229, 7, 31
229, 6, 31
80, 5, 31
113, 4, 31
80, 3, 31
81, 2, 31
72, 0, 31
72, 0, 31
72, 1, 31
64, 2, 31
61, 4, 31
63, 5, 31
64, 6, 31
64, 7, 31
64, 8, 31
67, 9, 31
89, 10, 31
122, 11, 31
88, 12, 32
81, 13, 32
144, 14, 32
80, 16, 32
77, 17, 32
93, 18, 32
83, 19, 32
52, 20, 32
51, 21, 32
52, 22, 32
199, 23, 32
198, 25, 32
198, 26, 32
319, 27, 32
319, 28, 32
323, 29, 32
327, 31, 32
326, 32, 32
326, 33, 32
334, 34, 32
335, 36, 32
349, 37, 32
336, 38, 32
337, 39, 32
337, 40, 32
342, 42, 32
344, 43, 32
359, 44, 32
345, 45, 32
344, 47, 32
345, 48, 32
346, 49, 32
353, 50, 32
344, 51, 32
345, 53, 32
391, 54, 32
345, 55, 32
347, 56, 32
443, 57, 32
341, 59, 32
341, 60, 32
407, 61, 32
338, 62, 32
342, 63, 32
412, 65, 32
330, 66, 32
330, 67, 32
337, 68, 32
323, 70, 32
346, 71, 32
328, 72, 32
387, 73, 32
387, 74, 32
387, 76, 32
456, 77, 32
465, 78, 32
450, 79, 32
489, 81, 32
489, 82, 32
491, 83, 32
543, 84, 32
515, 85, 32
515, 87, 32
533, 88, 32
533, 89, 32
533, 90, 32
569, 89, 32
547, 87, 32
551, 86, 32
551, 85, 32
552, 84, 32
555, 82, 32
613, 81, 32
554, 80, 32
555, 79, 32
633, 78, 32
557, 76, 32
581, 75, 32
554, 74, 32
554, 73, 32
533, 71, 32
630, 70, 32
537, 69, 32
512, 68, 32
516, 67, 32
512, 65, 32
490, 64, 32
491, 63, 32
489, 62, 32
442, 60, 32
443, 59, 32
443, 58, 32
379, 57, 32
381, 56, 32
327, 54, 32
326, 53, 32
326, 52, 32
331, 51, 32
330, 49, 32
335, 48, 32
334, 47, 32
334, 46, 32
333, 45, 32
338, 43, 32
338, 42, 32
351, 41, 32
372, 40, 32
341, 39, 32
341, 37, 32
407, 36, 32
348, 35, 32
365, 34, 32
345, 33, 32
345, 31, 32
345, 30, 32
342, 29, 32
348, 28, 32
341, 26, 32
344, 25, 32
341, 24, 32
338, 23, 32
339, 22, 32
362, 20, 32
334, 19, 32
334, 18, 32
333, 17, 32
327, 16, 32
331, 14, 32
340, 13, 32
319, 12, 32
318, 11, 32
319, 9, 32
218, 8, 32
221, 7, 32
217, 6, 32
68, 5, 32
70, 4, 32
68, 3, 32
69, 2, 32
77, 1, 32
76, 0, 32
76, 1, 32
64, 2, 32
96, 3, 32
64, 4, 32
110, 5, 32
62, 7, 32
56, 8, 32
60, 9, 32
81, 10, 32
127, 11, 32
80, 12, 32
64, 13, 33
82, 14, 33
67, 15, 33
64, 17, 33
64, 18, 33
64, 19, 33
48, 20, 33
36, 21, 33
47, 22, 33
208, 23, 33
186, 24, 33
195, 26, 33
376, 27, 33
314, 28, 33
314, 29, 33
390, 30, 33
325, 32, 33
345, 33, 33
399, 34, 33
330, 35, 33
330, 37, 33
404, 38, 33
339, 39, 33
342, 40, 33
338, 41, 33
337, 43, 33
337, 44, 33
343, 45, 33
365, 46, 33
341, 48, 33
341, 49, 33
341, 50, 33
338, 51, 33
342, 52, 33
352, 54, 33
334, 55, 33
334, 56, 33
334, 57, 33
331, 59, 33
345, 60, 33
325, 61, 33
323, 62, 33
322, 63, 33
323, 65, 33
310, 66, 33
325, 67, 33
304, 68, 33
303, 69, 33
303, 71, 33
355, 72, 33
396, 73, 33
384, 74, 33
463, 75, 33
443, 77, 33
443, 78, 33
522, 79, 33
511, 80, 33
486, 82, 33
576, 83, 33
516, 84, 33
516, 85, 33
538, 86, 33
553, 88, 33
532, 89, 33
548, 90, 33
547, 89, 33
548, 87, 33
558, 86, 33
559, 85, 33
558, 84, 33
555, 83, 33
554, 81, 33
557, 80, 33
586, 79, 33
554, 78, 33
554, 77, 33
551, 75, 33
551, 74, 33
557, 73, 33
530, 72, 33
529, 70, 33
529, 69, 33
516, 68, 33
540, 67, 33
516, 66, 33
497, 64, 33
579, 63, 33
465, 62, 33
465, 61, 33
552, 59, 33
413, 58, 33
412, 57, 33
412, 56, 33
315, 55, 33
315, 53, 33
331, 52, 33
311, 51, 33
311, 50, 33
310, 48, 33
323, 47, 33
325, 46, 33
346, 45, 33
330, 44, 33
330, 42, 33
330, 41, 33
338, 40, 33
342, 39, 33
350, 37, 33
337, 36, 33
337, 35, 33
337, 34, 33
342, 33, 33
357, 31, 33
341, 30, 33
341, 29, 33
341, 28, 33
338, 27, 33
340, 25, 33
358, 24, 33
334, 23, 33
399, 22, 33
333, 21, 33
330, 19, 33
399, 18, 33
338, 17, 33
326, 16, 33
392, 14, 33
326, 13, 33
320, 12, 33
351, 11, 33
314, 10, 33
252, 8, 33
306, 7, 33
253, 6, 33
89, 5, 33
84, 4, 33
84, 3, 33
97, 2, 33